description,price,price_num,year,year_num,kilometers,kilometers_num,location,link
Audi Q5 2.0 Tfsi 211cv Stronic Quattro,US$20.800,20800,2012,2012,144.500 Km,144500,Vicente López - Bs.As. G.B.A. Norte,https://auto.mercadolibre.com.ar/MLA-2089465076-audi-q5-20-tfsi-211cv-stronic-quattro-_JM?highlight=false&headerTopBrand=false#polycard_client=search-nordic&position=1&search_layout=grid&type=item&tracking_id=5d1f08ea-a71b-4539-99dc-e8e4ee18ecc6
Audi Q5 3.0 Tfsi Tiptronic Quattro 272cv,US$30.000,30000,2017,2017,130.000 Km,130000,Capital Federal - Capital Federal,https://auto.mercadolibre.com.ar/MLA-1493576183-audi-q5-30-tfsi-tiptronic-quattro-272cv-_JM?highlight=false&headerTopBrand=false#polycard_client=search-nordic&position=2&search_layout=grid&type=item&tracking_id=5d1f08ea-a71b-4539-99dc-e8e4ee18ecc6
Audi Q5 2.0 Tfsi Stronic 252cv,US$82.800,82800,2025,2025,0 Km,0,Capital Federal - Capital Federal,https://auto.mercadolibre.com.ar/MLA-1491811781-audi-q5-20-tfsi-stronic-252cv-_JM?highlight=false&headerTopBrand=true#polycard_client=search-nordic&position=3&search_layout=grid&type=item&tracking_id=5d1f08ea-a71b-4539-99dc-e8e4ee18ecc6
Audi Q5 2.0 Tfsi Tiptronic Quattro 250cv,US$34.000,34000,2017,2017,155.000 Km,155000,Vicente López - Bs.As. G.B.A. Norte,https://auto.mercadolibre.com.ar/MLA-2048163476-audi-q5-20-tfsi-tiptronic-quattro-250cv-_JM?highlight=false&headerTopBrand=false#polycard_client=search-nordic&position=4&search_layout=grid&type=item&tracking_id=5d1f08ea-a71b-4539-99dc-e8e4ee18ecc6
Audi Q5 2.0 45 Tfsi Advanced 252cv,US$86.000,86000,2025,2025,1.000 Km,1000,San Isidro - Bs.As. G.B.A. Norte,https://auto.mercadolibre.com.ar/MLA-2097260188-audi-q5-20-45tfsi-advanced-245cv-quattro-_JM?highlight=false&headerTopBrand=false#polycard_client=search-nordic&position=5&search_layout=grid&type=item&tracking_id=5d1f08ea-a71b-4539-99dc-e8e4ee18ecc6
Audi Q5 2.0 Tfsi Tiptronic Quattro 250cv,US$52.500.000,52500000,2017,2017,97.015 Km,97015,Capital Federal - Capital Federal,https://auto.mercadolibre.com.ar/MLA-1483613933-audi-q5-20-tfsi-tiptronic-quattro-250cv-bmw-x3-_JM?highlight=true&headerTopBrand=true#polycard_client=search-nordic&position=6&search_layout=grid&type=item&tracking_id=5d1f08ea-a71b-4539-99dc-e8e4ee18ecc6
Audi Q5 2.0 Tfsi Stronic 252cv,US$77.800,77800,2025,2025,0 Km,0,Capital Federal - Capital Federal,https://auto.mercadolibre.com.ar/MLA-1988849934-audi-q5-20-tfsi-stronic-252cv-_JM?highlight=false&headerTopBrand=true#polycard_client=search-nordic&position=7&search_layout=grid&type=item&tracking_id=5d1f08ea-a71b-4539-99dc-e8e4ee18ecc6
Audi Q5 2.0 45 Tfsi Sport 252cv,US$86.900,86900,2024,2024,0 Km,0,Capital Federal - Capital Federal,https://auto.mercadolibre.com.ar/MLA-1463621809-audi-q5-45-tfsi-sportback-advanced-quattro-0km-_JM?highlight=false&headerTopBrand=true#polycard_client=search-nordic&position=8&search_layout=grid&type=item&tracking_id=5d1f08ea-a71b-4539-99dc-e8e4ee18ecc6
Audi Q5 2.0 45 Tfsi Sport 252cv,US$86.900,86900,2024,2024,0 Km,0,Capital Federal - Capital Federal,https://auto.mercadolibre.com.ar/MLA-1459146775-audi-q5-45-tfsi-sportback-advanced-quattro-0km-_JM?highlight=false&headerTopBrand=true#polycard_client=search-nordic&position=9&search_layout=grid&type=item&tracking_id=5d1f08ea-a71b-4539-99dc-e8e4ee18ecc6
Audi Q5 2.0 45 Tfsi Sport 252cv,US$82.800,82800,2024,2024,0 Km,0,Capital Federal - Capital Federal,https://auto.mercadolibre.com.ar/MLA-1927355234-audi-q5-45-tfsi-advanced-quattro-0km-_JM?highlight=false&headerTopBrand=true#polycard_client=search-nordic&position=10&search_layout=grid&type=item&tracking_id=5d1f08ea-a71b-4539-99dc-e8e4ee18ecc6
Audi Q5 2.0 Tfsi 252cv,US$32.900,32900,2017,2017,155.000 Km,155000,Capital Federal - Capital Federal,https://auto.mercadolibre.com.ar/MLA-2092719356-audi-q5-2017-20-tfsi-stronic-quattro-252-cv-smart-garage-_JM?highlight=false&headerTopBrand=false#polycard_client=search-nordic&position=11&search_layout=grid&type=item&tracking_id=5d1f08ea-a71b-4539-99dc-e8e4ee18ecc6
Audi Q5 45 Tfsi Advanced Stronic Quattro,US$78.000,78000,2025,2025,0 Km,0,Capital Federal - Capital Federal,https://auto.mercadolibre.com.ar/MLA-2082519450-audi-q5-45-tfsi-advanced-stronic-quattro-_JM?highlight=false&headerTopBrand=true#polycard_client=search-nordic&position=12&search_layout=grid&type=item&tracking_id=5d1f08ea-a71b-4539-99dc-e8e4ee18ecc6
Audi Q5 45 Tfsi Advanced Stronic Quattro,US$78.000,78000,2025,2025,0 Km,0,Capital Federal - Capital Federal,https://auto.mercadolibre.com.ar/MLA-2082843402-audi-q5-45-tfsi-advanced-stronic-quattro-_JM?highlight=false&headerTopBrand=true#polycard_client=search-nordic&position=13&search_layout=grid&type=item&tracking_id=5d1f08ea-a71b-4539-99dc-e8e4ee18ecc6
Audi Q5 45 Tfsi Advanced Stronic Quattro,US$78.000,78000,2025,2025,0 Km,0,Capital Federal - Capital Federal,https://auto.mercadolibre.com.ar/MLA-1497386593-audi-q5-45-tfsi-advanced-stronic-quattro-_JM?highlight=false&headerTopBrand=true#polycard_client=search-nordic&position=14&search_layout=grid&type=item&tracking_id=5d1f08ea-a71b-4539-99dc-e8e4ee18ecc6
Audi Q5 45 Tfsi Advanced Stronic Quattro,US$78.000,78000,2025,2025,0 Km,0,Capital Federal - Capital Federal,https://auto.mercadolibre.com.ar/MLA-1497260611-audi-q5-45-tfsi-advanced-stronic-quattro-_JM?highlight=false&headerTopBrand=true#polycard_client=search-nordic&position=15&search_layout=grid&type=item&tracking_id=5d1f08ea-a71b-4539-99dc-e8e4ee18ecc6
Audi Q5 45 Tfsi Advanced Stronic Quattro,US$78.000,78000,2025,2025,0 Km,0,Capital Federal - Capital Federal,https://auto.mercadolibre.com.ar/MLA-2080228424-audi-q5-45-tfsi-advanced-stronic-quattro-_JM?highlight=false&headerTopBrand=true#polycard_client=search-nordic&position=16&search_layout=grid&type=item&tracking_id=5d1f08ea-a71b-4539-99dc-e8e4ee18ecc6
Audi Q5 2.0 Tfsi Quattro,US$32.000,32000,2016,2016,98.500 Km,98500,Pilar - Bs.As. G.B.A. Norte,https://auto.mercadolibre.com.ar/MLA-2076077014-audi-q5-20-tfsi-225cv-quattro-2016-_JM?highlight=false&headerTopBrand=false#polycard_client=search-nordic&position=17&search_layout=grid&type=item&tracking_id=5d1f08ea-a71b-4539-99dc-e8e4ee18ecc6
Audi Q5 2.0 Tfsi Stronic Quattro Security 252cv,US$82.800,82800,2025,2025,0 Km,0,Capital Federal - Capital Federal,https://auto.mercadolibre.com.ar/MLA-1470926945-audi-q5-20-tfsi-stronic-quattro-252cv-_JM?highlight=false&headerTopBrand=true#polycard_client=search-nordic&position=18&search_layout=grid&type=item&tracking_id=5d1f08ea-a71b-4539-99dc-e8e4ee18ecc6
Audi Q5 2.0 Tfsi Stronic 252cv,US$82.800,82800,2024,2024,0 Km,0,Capital Federal - Capital Federal,https://auto.mercadolibre.com.ar/MLA-1459261117-audi-q5-45-tfsi-advanced-s-tronic-quattro-0km-_JM?highlight=false&headerTopBrand=true#polycard_client=search-nordic&position=19&search_layout=grid&type=item&tracking_id=5d1f08ea-a71b-4539-99dc-e8e4ee18ecc6
Audi Q5 2.0 Tfsi Tiptronic Quattro 250cv,US$45.900,45900,2018,2018,90.000 Km,90000,Capital Federal - Capital Federal,https://auto.mercadolibre.com.ar/MLA-1502431215-audi-q5-20-tfsi-tiptronic-quattro-250cv-_JM?highlight=true&headerTopBrand=false#polycard_client=search-nordic&position=20&search_layout=grid&type=item&tracking_id=5d1f08ea-a71b-4539-99dc-e8e4ee18ecc6
Audi Q5 2.0 Tfsi Quattro,US$29.000,29000,2014,2014,120.000 Km,120000,Pilar - Bs.As. G.B.A. Norte,https://auto.mercadolibre.com.ar/MLA-2021996204-audi-q5-20-tfsi-quattro-2014-_JM?highlight=false&headerTopBrand=false#polycard_client=search-nordic&position=21&search_layout=grid&type=item&tracking_id=5d1f08ea-a71b-4539-99dc-e8e4ee18ecc6
Audi Q5 2.0 Tfsi 225cv Tiptronic Quattro,US$23.500,23500,2013,2013,97.000 Km,97000,Pilar - Bs.As. G.B.A. Norte,https://auto.mercadolibre.com.ar/MLA-2091707946-audi-q5-20-tfsi-225cv-tiptronic-quattro-_JM?highlight=false&headerTopBrand=false#polycard_client=search-nordic&position=22&search_layout=grid&type=item&tracking_id=5d1f08ea-a71b-4539-99dc-e8e4ee18ecc6
Audi Q5 2.0 45 Tfsi Sport 252cv,US$82.800,82800,2024,2024,0 Km,0,Capital Federal - Capital Federal,https://auto.mercadolibre.com.ar/MLA-1909503640-audi-q5-45-tfsi-advanced-0km-_JM?highlight=false&headerTopBrand=true#polycard_client=search-nordic&position=23&search_layout=grid&type=item&tracking_id=5d1f08ea-a71b-4539-99dc-e8e4ee18ecc6
Audi Q5 2.0 Tfsi S Tronic Quattro 252 Cv,US$35.900,35900,2018,2018,151.000 Km,151000,Capital Federal - Capital Federal,https://auto.mercadolibre.com.ar/MLA-2076738400-audi-q5-20-t-quattro252cv-stronic-_JM?highlight=true&headerTopBrand=false#polycard_client=search-nordic&position=24&search_layout=grid&type=item&tracking_id=5d1f08ea-a71b-4539-99dc-e8e4ee18ecc6
Audi Q5 3.0 I 240cv Stronic Quattro,US$20.500,20500,2011,2011,226.000 Km,226000,Capital Federal - Capital Federal,https://auto.mercadolibre.com.ar/MLA-1501202781-audi-q5-30-tdi-v6-diesel-traccion-integral-quattro-_JM?highlight=true&headerTopBrand=false#polycard_client=search-nordic&position=25&search_layout=grid&type=item&tracking_id=5d1f08ea-a71b-4539-99dc-e8e4ee18ecc6
Audi Q5 2.0 45 Tfsi Advanced 252cv,US$77.800,77800,2025,2025,0 Km,0,Capital Federal - Capital Federal,https://auto.mercadolibre.com.ar/MLA-2036853360-audi-q5-20-45-tfsi-advanced-252cv-_JM?highlight=false&headerTopBrand=true#polycard_client=search-nordic&position=26&search_layout=grid&type=item&tracking_id=5d1f08ea-a71b-4539-99dc-e8e4ee18ecc6
Audi Q5 2.0 Tfsi 225cv Tiptronic Quattro,US$27.000.000,27000000,2014,2014,185.000 Km,185000,Capital Federal - Capital Federal,https://auto.mercadolibre.com.ar/MLA-1491866181-audi-q5-20-tfsi-225cv-tiptronic-quattro-_JM?highlight=true&headerTopBrand=true#polycard_client=search-nordic&position=27&search_layout=grid&type=item&tracking_id=5d1f08ea-a71b-4539-99dc-e8e4ee18ecc6
Audi Q5 3.0 Tfsi Tiptronic Quattro 272cv,US$49.000.000,49000000,2019,2019,125.823 Km,125823,Quilmes - Bs.As. G.B.A. Sur,https://auto.mercadolibre.com.ar/MLA-2080072064-audi-q5-30-tfsi-tiptronic-quattro-272cv-2019-_JM?highlight=true&headerTopBrand=false#polycard_client=search-nordic&position=28&search_layout=grid&type=item&tracking_id=5d1f08ea-a71b-4539-99dc-e8e4ee18ecc6
Audi Q5 2.0 45 Tfsi Advanced 252cv,US$86.000,86000,2025,2025,1.000 Km,1000,San Isidro - Bs.As. G.B.A. Norte,https://auto.mercadolibre.com.ar/MLA-1499855401-audi-q5-20-45-tfsi-advanced-252cv-2025-2024-0km-_JM?highlight=false&headerTopBrand=false#polycard_client=search-nordic&position=29&search_layout=grid&type=item&tracking_id=5d1f08ea-a71b-4539-99dc-e8e4ee18ecc6
Audi Q5 45 Tfsi Advance Stronic Quattro 245 Cv,US$78.800,78800,2025,2025,1.000 Km,1000,Capital Federal - Capital Federal,https://auto.mercadolibre.com.ar/MLA-2010576844-audi-q5-45-tfsi-advance-stronic-quattro-mild-hibrid-245cv-_JM?highlight=false&headerTopBrand=true#polycard_client=search-nordic&position=30&search_layout=grid&type=item&tracking_id=5d1f08ea-a71b-4539-99dc-e8e4ee18ecc6
Audi Q5 2.0 45 Tfsi Stronic Advanced Quattro 245 Cv,US$84.500,84500,2025,2025,0 Km,0,Vicente López - Bs.As. G.B.A. Norte,https://auto.mercadolibre.com.ar/MLA-1997055732-audi-q5-45-tfis-stronic-advanced-quattro-245-cv-_JM?highlight=false&headerTopBrand=true#polycard_client=search-nordic&position=31&search_layout=grid&type=item&tracking_id=5d1f08ea-a71b-4539-99dc-e8e4ee18ecc6
Audi Q5 2.0 45 Tfsi Advanced 252cv,US$77.800,77800,2025,2025,0 Km,0,Capital Federal - Capital Federal,https://auto.mercadolibre.com.ar/MLA-1501858087-audi-q5-20-45-tfsi-advanced-252cv-_JM?highlight=false&headerTopBrand=true#polycard_client=search-nordic&position=32&search_layout=grid&type=item&tracking_id=5d1f08ea-a71b-4539-99dc-e8e4ee18ecc6
Audi Q5 2.0 I 177cv Stronic Quattro,US$22.000,22000,2013,2013,104.000 Km,104000,Capital Federal - Capital Federal,https://auto.mercadolibre.com.ar/MLA-2094311264-audi-q5-20-i-177cv-stronic-quattro-_JM?highlight=true&headerTopBrand=false#polycard_client=search-nordic&position=33&search_layout=grid&type=item&tracking_id=5d1f08ea-a71b-4539-99dc-e8e4ee18ecc6
Audi Q5 2.0 45 Tfsi Advanced 252cv,US$77.800,77800,2025,2025,0 Km,0,Capital Federal - Capital Federal,https://auto.mercadolibre.com.ar/MLA-2024720834-audi-q5-20-45-tfsi-advanced-252cv-_JM?highlight=false&headerTopBrand=true#polycard_client=search-nordic&position=34&search_layout=grid&type=item&tracking_id=5d1f08ea-a71b-4539-99dc-e8e4ee18ecc6
Audi Q5 2.0 Tfsi 225cv Quattro,US$29.000,29000,2016,2016,110.000 Km,110000,Quilmes - Bs.As. G.B.A. Sur,https://auto.mercadolibre.com.ar/MLA-1476625677-audi-q5-20-tfsi-225cv-quattro-_JM?highlight=true&headerTopBrand=true#polycard_client=search-nordic&position=35&search_layout=grid&type=item&tracking_id=5d1f08ea-a71b-4539-99dc-e8e4ee18ecc6
Audi Q5 Audi Q5 Audi Q5 45 Advanced Tfsi Stronic Quattro (mild Hybrid) 245 Cv,US$86.000,86000,2025,2025,0 Km,0,Vicente López - Bs.As. G.B.A. Norte,https://auto.mercadolibre.com.ar/MLA-1471845495-audi-q5-45-advanced-tfsi-stronic-quattro-mild-hybrid-_JM?highlight=false&headerTopBrand=true#polycard_client=search-nordic&position=36&search_layout=grid&type=item&tracking_id=5d1f08ea-a71b-4539-99dc-e8e4ee18ecc6
Audi Q5 2.0 Tfsi Stronic 252cv,US$77.800,77800,2025,2025,0 Km,0,Capital Federal - Capital Federal,https://auto.mercadolibre.com.ar/MLA-1989073494-audi-q5-20-tfsi-stronic-252cv-0km-2025-_JM?highlight=false&headerTopBrand=true#polycard_client=search-nordic&position=37&search_layout=grid&type=item&tracking_id=5d1f08ea-a71b-4539-99dc-e8e4ee18ecc6
Audi Q5 2.0 Tfsi 211cv Quattro,US$21.000,21000,2012,2012,166.000 Km,166000,General Deheza - Córdoba,https://auto.mercadolibre.com.ar/MLA-2089325826-audi-q5-20-tfsi-211cv-quattro-_JM?highlight=false&headerTopBrand=false#polycard_client=search-nordic&position=38&search_layout=grid&type=item&tracking_id=5d1f08ea-a71b-4539-99dc-e8e4ee18ecc6
Audi Q5 2.0 Tfsi Stronic 252cv,US$77.800,77800,2025,2025,0 Km,0,Capital Federal - Capital Federal,https://auto.mercadolibre.com.ar/MLA-2014044548-audi-q5-20-tfsi-stronic-252cv-_JM?highlight=false&headerTopBrand=true#polycard_client=search-nordic&position=39&search_layout=grid&type=item&tracking_id=5d1f08ea-a71b-4539-99dc-e8e4ee18ecc6
Audi Q5 Audi Q5 45 Tfsi Stronic Quattro 245 Cv,US$84.500,84500,2025,2025,0 Km,0,Vicente López - Bs.As. G.B.A. Norte,https://auto.mercadolibre.com.ar/MLA-1996979484-audi-q5-45-tfsi-stronic-quattro-245-cv-_JM?highlight=false&headerTopBrand=true#polycard_client=search-nordic&position=40&search_layout=grid&type=item&tracking_id=5d1f08ea-a71b-4539-99dc-e8e4ee18ecc6
Audi Q5 3.0 Tfsi 272cv Tiptronic Quattro,US$27.900,27900,2016,2016,147.500 Km,147500,Lomas De Zamora - Bs.As. G.B.A. Sur,https://auto.mercadolibre.com.ar/MLA-1496862977-audi-q5-30-tfsi-272cv-tiptronic-quattro-_JM?highlight=true&headerTopBrand=false#polycard_client=search-nordic&position=41&search_layout=grid&type=item&tracking_id=5d1f08ea-a71b-4539-99dc-e8e4ee18ecc6
Audi Q5 2.0 Tfsi 225cv Quattro,US$22.500,22500,2013,2013,93.000 Km,93000,Tigre - Bs.As. G.B.A. Norte,https://auto.mercadolibre.com.ar/MLA-1501568561-audi-q5-20-tfsi-225cv-quattro-_JM?highlight=false&headerTopBrand=false#polycard_client=search-nordic&position=42&search_layout=grid&type=item&tracking_id=5d1f08ea-a71b-4539-99dc-e8e4ee18ecc6
Audi Q5 2.0 Tfsi Tiptronic Quattro 250cv,US$32.500,32500,2017,2017,165.000 Km,165000,Pilar - Bs.As. G.B.A. Norte,https://auto.mercadolibre.com.ar/MLA-2091986402-audi-q5-20-tfsi-tiptronic-quattro-250cv-_JM?highlight=true&headerTopBrand=false#polycard_client=search-nordic&position=43&search_layout=grid&type=item&tracking_id=5d1f08ea-a71b-4539-99dc-e8e4ee18ecc6
Audi Q5 2.0 I 177cv Stronic Quattro,US$23.000,23000,2013,2013,201.000 Km,201000,Lanús - Bs.As. G.B.A. Sur,https://auto.mercadolibre.com.ar/MLA-2091224974-audi-q5-20-i-177cv-stronic-quattro-_JM?highlight=false&headerTopBrand=false#polycard_client=search-nordic&position=44&search_layout=grid&type=item&tracking_id=5d1f08ea-a71b-4539-99dc-e8e4ee18ecc6
Audi Q5 2.0 Tfsi 225cv Tiptronic Quattro,US$20.200,20200,2013,2013,156.000 Km,156000,Vicente López - Bs.As. G.B.A. Norte,https://auto.mercadolibre.com.ar/MLA-1495693791-audi-q5-2013-20-tfsi-225cv-tiptronic-quattro-_JM?highlight=false&headerTopBrand=false#polycard_client=search-nordic&position=45&search_layout=grid&type=item&tracking_id=5d1f08ea-a71b-4539-99dc-e8e4ee18ecc6
Audi Q5 2.0 I 170cv Stronic Quattro,US$22.500,22500,2012,2012,138.000 Km,138000,Capital Federal - Capital Federal,https://auto.mercadolibre.com.ar/MLA-2095001984-audi-q5-20-i-170cv-stronic-quattro-_JM?highlight=true&headerTopBrand=false#polycard_client=search-nordic&position=46&search_layout=grid&type=item&tracking_id=5d1f08ea-a71b-4539-99dc-e8e4ee18ecc6
Audi Q5 2.0 Tfsi Stronic Quattro Security 252cv,US$39.000,39000,2018,2018,84.000 Km,84000,Vicente López - Bs.As. G.B.A. Norte,https://auto.mercadolibre.com.ar/MLA-2080930978-audi-q5-20-tfsi-stronic-quattro-security-252cv-_JM?highlight=false&headerTopBrand=false#polycard_client=search-nordic&position=47&search_layout=grid&type=item&tracking_id=5d1f08ea-a71b-4539-99dc-e8e4ee18ecc6
Audi Q5 2.0 I 177cv Stronic Quattro,US$20.500,20500,2013,2013,220.000 Km,220000,Capital Federal - Capital Federal,https://auto.mercadolibre.com.ar/MLA-1498676387-audi-q5-20-tdi-quattro-stronic-control-adaptativo-_JM?highlight=true&headerTopBrand=false#polycard_client=search-nordic&position=48&search_layout=grid&type=item&tracking_id=5d1f08ea-a71b-4539-99dc-e8e4ee18ecc6
Audi Q5 2.0 45 Tfsi Offroad 252cv,US$66.000,66000,2021,2021,29.000 Km,29000,Capital Federal - Capital Federal,https://auto.mercadolibre.com.ar/MLA-2093614236-audi-q5-20-45-tfsi-offroad-252cv-_JM?highlight=false&headerTopBrand=false#polycard_client=search-nordic&position=3&search_layout=grid&type=item&tracking_id=5fb75a59-06f6-4963-81d8-f9ee220b9af7
Audi Q5 2.0 Tfsi 225cv Quattro,US$25.990.000,25990000,2013,2013,189.000 Km,189000,Capital Federal - Capital Federal,https://auto.mercadolibre.com.ar/MLA-2098408026-audi-q5-20-tfsi-225cv-quattro-2013-189000-km-excelente-_JM?highlight=true&headerTopBrand=false#polycard_client=search-nordic&position=4&search_layout=grid&type=item&tracking_id=5fb75a59-06f6-4963-81d8-f9ee220b9af7
Audi Q5 2.0 45 Tfsi Offroad 252cv,US$50.000,50000,2020,2020,77.000 Km,77000,Capital Federal - Capital Federal,https://auto.mercadolibre.com.ar/MLA-2082882778-audi-q5-20-45-tfsi-offroad-252cv-_JM?highlight=true&headerTopBrand=false#polycard_client=search-nordic&position=5&search_layout=grid&type=item&tracking_id=5fb75a59-06f6-4963-81d8-f9ee220b9af7
Audi Q5 2.0 45 Tfsi Advanced 252cv,US$87.500,87500,2025,2025,0 Km,0,Capital Federal - Capital Federal,https://auto.mercadolibre.com.ar/MLA-2043663886-audi-q5-20-45-tfsi-advanced-252cv-_JM?highlight=false&headerTopBrand=false#polycard_client=search-nordic&position=6&search_layout=grid&type=item&tracking_id=5fb75a59-06f6-4963-81d8-f9ee220b9af7
Audi Q5 2.0 Tfsi 225cv Quattro,US$22.500,22500,2014,2014,142.000 Km,142000,Morón - Bs.As. G.B.A. Oeste,https://auto.mercadolibre.com.ar/MLA-1500975369-audi-q5-20-tfsi-225cv-quattro-_JM?highlight=true&headerTopBrand=false#polycard_client=search-nordic&position=7&search_layout=grid&type=item&tracking_id=5fb75a59-06f6-4963-81d8-f9ee220b9af7
Audi Q5 2.0 Tfsi 211cv Stronic Quattro,US$27.000,27000,2013,2013,6.000 Km,6000,General San Martín - Bs.As. G.B.A. Norte,https://auto.mercadolibre.com.ar/MLA-2099260978-audi-q5-20-tfsi-211cv-stronic-quattro-_JM?highlight=false&headerTopBrand=false#polycard_client=search-nordic&position=8&search_layout=grid&type=item&tracking_id=5fb75a59-06f6-4963-81d8-f9ee220b9af7
Audi Q5 Q5 Pi 45 Tfsi Advanced Quattro,US$84.900,84900,2025,2025,0 Km,0,Capital Federal - Capital Federal,https://auto.mercadolibre.com.ar/MLA-2091935220-audi-q5-pi-45-tfsi-advanced-quattro-2025-_JM?highlight=false&headerTopBrand=true#polycard_client=search-nordic&position=9&search_layout=grid&type=item&tracking_id=5fb75a59-06f6-4963-81d8-f9ee220b9af7
Audi Q5 2.0 Tfsi Tiptronic Quattro 225cv,US$33.000,33000,2016,2016,105.000 Km,105000,Vicente López - Bs.As. G.B.A. Norte,https://auto.mercadolibre.com.ar/MLA-1483780487-blindado-rb3-audi-q5-20-quattro-tomas-bord-_JM?highlight=false&headerTopBrand=false#polycard_client=search-nordic&position=10&search_layout=grid&type=item&tracking_id=5fb75a59-06f6-4963-81d8-f9ee220b9af7
Audi Q5 2.0 Tfsi 211cv Stronic Quattro,US$19.800,19800,2010,2010,148.000 Km,148000,General San Martín - Bs.As. G.B.A. Norte,https://auto.mercadolibre.com.ar/MLA-2092679870-audi-q5-20-tfsi-211cv-stronic-quattro-_JM?highlight=true&headerTopBrand=false#polycard_client=search-nordic&position=11&search_layout=grid&type=item&tracking_id=5fb75a59-06f6-4963-81d8-f9ee220b9af7
Audi Q5 2.0 Tfsi Tiptronic Quattro 225cv,US$37.000,37000,2018,2018,83.000 Km,83000,Escalante - Chubut,https://auto.mercadolibre.com.ar/MLA-1479614399-audi-q5-20-tfsi-tiptronic-quattro-225cv-_JM?highlight=false&headerTopBrand=false#polycard_client=search-nordic&position=12&search_layout=grid&type=item&tracking_id=5fb75a59-06f6-4963-81d8-f9ee220b9af7
Audi Q5 2.0 Tfsi 211cv Stronic Quattro,US$19.000,19000,2011,2011,195.000 Km,195000,Escobar - Bs.As. G.B.A. Norte,https://auto.mercadolibre.com.ar/MLA-2080418386-audi-q5-20-tfsi-211cv-stronic-quattro-_JM?highlight=false&headerTopBrand=false#polycard_client=search-nordic&position=13&search_layout=grid&type=item&tracking_id=5fb75a59-06f6-4963-81d8-f9ee220b9af7
Audi Q5 2.0 Tfsi 211cv Stronic Quattro,US$18.500,18500,2010,2010,124.000 Km,124000,Esteban Echeverría - Bs.As. G.B.A. Sur,https://auto.mercadolibre.com.ar/MLA-2086860928-audi-q5-20-tfsi-211cv-stronic-quattro-_JM?highlight=false&headerTopBrand=false#polycard_client=search-nordic&position=14&search_layout=grid&type=item&tracking_id=5fb75a59-06f6-4963-81d8-f9ee220b9af7
Audi Q5 2.0 Tfsi Tiptronic Quattro 250cv,US$55.000,55000,2020,2020,54.000 Km,54000,Quilmes - Bs.As. G.B.A. Sur,https://auto.mercadolibre.com.ar/MLA-2097278330-audi-q5-20-tfsi-tiptronic-quattro-250cv-_JM?highlight=false&headerTopBrand=false#polycard_client=search-nordic&position=15&search_layout=grid&type=item&tracking_id=5fb75a59-06f6-4963-81d8-f9ee220b9af7
Audi Q5 2.0 Tfsi 211cv Quattro,US$16.800,16800,2012,2012,124.000 Km,124000,Moreno - Bs.As. G.B.A. Oeste,https://auto.mercadolibre.com.ar/MLA-2086600772-audi-q5-20-tfsi-211cv-quattro-_JM?highlight=true&headerTopBrand=false#polycard_client=search-nordic&position=16&search_layout=grid&type=item&tracking_id=5fb75a59-06f6-4963-81d8-f9ee220b9af7
Audi Q5 2.0 Tfsi 211cv Stronic Quattro,US$25.500,25500,2016,2016,150.000 Km,150000,Nogoyá - Entre Ríos,https://auto.mercadolibre.com.ar/MLA-1496552873-audi-q5-20t-quattro-_JM?highlight=false&headerTopBrand=false#polycard_client=search-nordic&position=17&search_layout=grid&type=item&tracking_id=5fb75a59-06f6-4963-81d8-f9ee220b9af7
Audi Q5 2.0 Tfsi 211cv Stronic Quattro,US$22.000,22000,2012,2012,105.000 Km,105000,Vicente López - Bs.As. G.B.A. Norte,https://auto.mercadolibre.com.ar/MLA-1499706271-audi-q5-2012-105000-kms-inmaculada-service-oficiales-_JM?highlight=false&headerTopBrand=false#polycard_client=search-nordic&position=18&search_layout=grid&type=item&tracking_id=5fb75a59-06f6-4963-81d8-f9ee220b9af7
Audi Q5 2.0 I 170cv Stronic Quattro,US$15.500,15500,2012,2012,223.000 Km,223000,Córdoba - Córdoba,https://auto.mercadolibre.com.ar/MLA-2092485206-audi-q5-20-i-170cv-stronic-quattro-_JM?highlight=false&headerTopBrand=false#polycard_client=search-nordic&position=19&search_layout=grid&type=item&tracking_id=5fb75a59-06f6-4963-81d8-f9ee220b9af7
Audi Q5 2.0 Tfsi 211cv Stronic Quattro,US$17.800,17800,2010,2010,180.000 Km,180000,Moreno - Bs.As. G.B.A. Oeste,https://auto.mercadolibre.com.ar/MLA-2092698804-audi-q5-20-tfsi-211cv-stronic-quattro-_JM?highlight=false&headerTopBrand=false#polycard_client=search-nordic&position=20&search_layout=grid&type=item&tracking_id=5fb75a59-06f6-4963-81d8-f9ee220b9af7
Audi Q5 2.0 Tfsi Tiptronic Quattro 225cv,US$31.000,31000,2017,2017,120.000 Km,120000,Beccar - Bs.As. G.B.A. Norte,https://auto.mercadolibre.com.ar/MLA-1500230391-audi-q5-20-tfsi-tiptronic-quattro-225cv-_JM?highlight=true&headerTopBrand=false#polycard_client=search-nordic&position=21&search_layout=grid&type=item&tracking_id=5fb75a59-06f6-4963-81d8-f9ee220b9af7
Audi Q5 2.0 45 Tfsi Sport 252cv,US$97.000,97000,2025,2025,900 Km,900,Esteban Echeverría - Bs.As. G.B.A. Sur,https://auto.mercadolibre.com.ar/MLA-2093504542-audi-q5-20-45-tfsi-sport-252cv-_JM?highlight=false&headerTopBrand=false#polycard_client=search-nordic&position=22&search_layout=grid&type=item&tracking_id=5fb75a59-06f6-4963-81d8-f9ee220b9af7
Audi Q5 3.2 Fsi 270cv Stronic Quattro,US$19.800,19800,2010,2010,109.000 Km,109000,Capital Federal - Capital Federal,https://auto.mercadolibre.com.ar/MLA-2088212412-audi-q5-32-fsi-270cv-stronic-quattro-_JM?highlight=false&headerTopBrand=false#polycard_client=search-nordic&position=23&search_layout=grid&type=item&tracking_id=5fb75a59-06f6-4963-81d8-f9ee220b9af7
Audi Q5 2.0 Tfsi Stronic 252cv,US$41.000,41000,2018,2018,90.000 Km,90000,San Isidro - Bs.As. G.B.A. Norte,https://auto.mercadolibre.com.ar/MLA-2082634634-audi-q5-20-tfsi-stronic-252cv-_JM?highlight=false&headerTopBrand=false#polycard_client=search-nordic&position=24&search_layout=grid&type=item&tracking_id=5fb75a59-06f6-4963-81d8-f9ee220b9af7
Audi Q5 2.0 Tfsi 211cv Stronic Quattro,US$22.900,22900,2013,2013,118.000 Km,118000,Santa Fe Capital - Santa Fe,https://auto.mercadolibre.com.ar/MLA-1502138927-audi-q5-20-tfsi-225v-stronic-quattro-_JM?highlight=true&headerTopBrand=false#polycard_client=search-nordic&position=25&search_layout=grid&type=item&tracking_id=5fb75a59-06f6-4963-81d8-f9ee220b9af7
Audi Q5 2.0 Tfsi Tiptronic Quattro 250cv,US$33.000,33000,2017,2017,170.000 Km,170000,Quilmes - Bs.As. G.B.A. Sur,https://auto.mercadolibre.com.ar/MLA-2095261632-audi-q5-q5-20-tfsi-tiptronic-quattro-252cv-_JM?highlight=false&headerTopBrand=false#polycard_client=search-nordic&position=26&search_layout=grid&type=item&tracking_id=5fb75a59-06f6-4963-81d8-f9ee220b9af7
Audi Q5 2.0t Quattro 252cv Híbrido Última Línea Permuto,US$77.999,77999,2022,2022,29.500 Km,29500,Pilar - Bs.As. G.B.A. Norte,https://auto.mercadolibre.com.ar/MLA-2095184870-20t-quattro-252cv-hibrido-ultima-linea-permuto-_JM?highlight=false&headerTopBrand=false#polycard_client=search-nordic&position=27&search_layout=grid&type=item&tracking_id=5fb75a59-06f6-4963-81d8-f9ee220b9af7
Audi Q5 3.0 Tfsi Tiptronic Quattro 272cv,US$44.500,44500,2017,2017,67.000 Km,67000,Capital Federal - Capital Federal,https://auto.mercadolibre.com.ar/MLA-1492989777-audi-q5-30-tfsi-tiptronic-quattro-272cv-_JM?highlight=false&headerTopBrand=false#polycard_client=search-nordic&position=28&search_layout=grid&type=item&tracking_id=5fb75a59-06f6-4963-81d8-f9ee220b9af7
Audi Q5 2.0 45 Tfsi Sport 252cv,US$85.003,85003,2024,2024,0 Km,0,Quilmes - Bs.As. G.B.A. Sur,https://auto.mercadolibre.com.ar/MLA-1885107066-nuevo-audi-q5-sportback-2024-0km-usado-2022-2023-q3-q8-q7-a1-_JM?highlight=false&headerTopBrand=true#polycard_client=search-nordic&position=29&search_layout=grid&type=item&tracking_id=5fb75a59-06f6-4963-81d8-f9ee220b9af7
Audi Q5 2.0 Tfsi Stronic 252cv,US$88.000,88000,2024,2024,0 Km,0,Quilmes - Bs.As. G.B.A. Sur,https://auto.mercadolibre.com.ar/MLA-1885210922-nuevo-audi-q5-sportback-0km-2024-2023-q3-a3-sline-q7-a1-q2-_JM?highlight=false&headerTopBrand=true#polycard_client=search-nordic&position=30&search_layout=grid&type=item&tracking_id=5fb75a59-06f6-4963-81d8-f9ee220b9af7
Audi Q5 2.0 45 Tfsi Sport 252cv,US$85.003,85003,2024,2024,0 Km,0,Quilmes - Bs.As. G.B.A. Sur,https://auto.mercadolibre.com.ar/MLA-1437963779-audi-q5-sportback-2024-0km-2023-2022-q3-q7-a3-nuevo-nueva-a1-_JM?highlight=false&headerTopBrand=true#polycard_client=search-nordic&position=31&search_layout=grid&type=item&tracking_id=5fb75a59-06f6-4963-81d8-f9ee220b9af7
Audi Q5 2.0 Tfsi Stronic Quattro Security 252cv,US$88.000,88000,2023,2023,0 Km,0,Berazategui - Bs.As. G.B.A. Sur,https://auto.mercadolibre.com.ar/MLA-1471542293-audi-q5-advanced-45-tfsi-s-tronic-quattro-245cv-mild-hibryd-_JM?highlight=false&headerTopBrand=true#polycard_client=search-nordic&position=32&search_layout=grid&type=item&tracking_id=5fb75a59-06f6-4963-81d8-f9ee220b9af7
Audi Q5 Audi Q5 Advanced 45,US$79.000,79000,2024,2024,0 Km,0,Quilmes - Bs.As. G.B.A. Sur,https://auto.mercadolibre.com.ar/MLA-2102552904-nuevo-audi-q5-advanced-45-quattro-stronic-2025-0km-hibrida-_JM?highlight=false&headerTopBrand=true#polycard_client=search-nordic&position=33&search_layout=grid&type=item&tracking_id=5fb75a59-06f6-4963-81d8-f9ee220b9af7
Audi Q5 2.0 Tfsi 211cv Quattro,US$22.900,22900,2011,2011,116.057 Km,116057,Capital Federal - Capital Federal,https://auto.mercadolibre.com.ar/MLA-2077362008-audi-q5-20-tfsi-211cv-quattro-mkt-_JM?highlight=false&headerTopBrand=true#polycard_client=search-nordic&position=34&search_layout=grid&type=item&tracking_id=5fb75a59-06f6-4963-81d8-f9ee220b9af7
Audi Q5 2.0 Tfsi Stronic 252cv,US$38.900,38900,2018,2018,132.500 Km,132500,Capital Federal - Capital Federal,https://auto.mercadolibre.com.ar/MLA-2042022844-audi-q5-20-tfsi-stronic-252cv-_JM?highlight=false&headerTopBrand=true#polycard_client=search-nordic&position=35&search_layout=grid&type=item&tracking_id=5fb75a59-06f6-4963-81d8-f9ee220b9af7
Audi Q5 2.0 Tfsi Stronic 252cv,US$39.900,39900,2018,2018,95.000 Km,95000,Capital Federal - Capital Federal,https://auto.mercadolibre.com.ar/MLA-1493730693-audi-q5-20-tfsi-stronic-252cv-_JM?highlight=false&headerTopBrand=false#polycard_client=search-nordic&position=36&search_layout=grid&type=item&tracking_id=5fb75a59-06f6-4963-81d8-f9ee220b9af7
Audi Q5 2.0 45 Tfsi Sport 252cv,US$85.000,85000,2024,2024,0 Km,0,Quilmes - Bs.As. G.B.A. Sur,https://auto.mercadolibre.com.ar/MLA-1479704111-audi-q5-2024-20-45-tfsi-sport-245cv-sportback-q7-q8-q3-fj-_JM?highlight=false&headerTopBrand=true#polycard_client=search-nordic&position=37&search_layout=grid&type=item&tracking_id=5fb75a59-06f6-4963-81d8-f9ee220b9af7
Audi Q5 2.0 45 Tfsi Sport 252cv,US$85.003,85003,2024,2024,0 Km,0,Quilmes - Bs.As. G.B.A. Sur,https://auto.mercadolibre.com.ar/MLA-1983268466-audi-q5-0km-nueva-2024-2025-sportback-q3-sq5-s-a3-nuevo-a1-q-_JM?highlight=false&headerTopBrand=true#polycard_client=search-nordic&position=38&search_layout=grid&type=item&tracking_id=5fb75a59-06f6-4963-81d8-f9ee220b9af7
Audi Q5 3.0 Tfsi Tiptronic Quattro 272cv,US$47.900,47900,2016,2016,65.000 Km,65000,Capital Federal - Capital Federal,https://auto.mercadolibre.com.ar/MLA-2098473654-audi-q5-30-tfsi-tiptronic-quattro-272cv-_JM?highlight=false&headerTopBrand=false#polycard_client=search-nordic&position=39&search_layout=grid&type=item&tracking_id=5fb75a59-06f6-4963-81d8-f9ee220b9af7
Audi Q5 2.0 Tfsi Tiptronic Quattro 225cv,US$29.000,29000,2016,2016,110.000 Km,110000,Quilmes - Bs.As. G.B.A. Sur,https://auto.mercadolibre.com.ar/MLA-1500596257-audi-q5-q2-q3-a1-a3-sportback-a4-a5-q7-nuevo-usado-sq5-s3-s5-_JM?highlight=true&headerTopBrand=true#polycard_client=search-nordic&position=40&search_layout=grid&type=item&tracking_id=5fb75a59-06f6-4963-81d8-f9ee220b9af7
Audi Q5 2.0 45 Tfsi Sport 252cv,US$85.000,85000,2024,2024,0 Km,0,La Plata - Bs.As. G.B.A. Sur,https://auto.mercadolibre.com.ar/MLA-1470952687-audi-q5-nc-_JM?highlight=false&headerTopBrand=true#polycard_client=search-nordic&position=41&search_layout=grid&type=item&tracking_id=5fb75a59-06f6-4963-81d8-f9ee220b9af7
Audi Q5 3.0 Tfsi Tiptronic Quattro 272cv,US$37.900,37900,2017,2017,79.000 Km,79000,Capital Federal - Capital Federal,https://auto.mercadolibre.com.ar/MLA-2097377460-audi-q5-30-tfsi-tiptronic-quattro-272cv-_JM?highlight=false&headerTopBrand=false#polycard_client=search-nordic&position=42&search_layout=grid&type=item&tracking_id=5fb75a59-06f6-4963-81d8-f9ee220b9af7
Audi Q5 2.0 Tfsi Stronic Quattro 252cv,US$45.800,45800,2019,2019,79.000 Km,79000,Capital Federal - Capital Federal,https://auto.mercadolibre.com.ar/MLA-2095189080-audi-q5-20-tfsi-stronic-quattro-_JM?highlight=true&headerTopBrand=false#polycard_client=search-nordic&position=43&search_layout=grid&type=item&tracking_id=5fb75a59-06f6-4963-81d8-f9ee220b9af7
Audi Q5 2.0 45 Tfsi Offroad 252cv,US$57.000,57000,2020,2020,50.000 Km,50000,Vicente López - Bs.As. G.B.A. Norte,https://auto.mercadolibre.com.ar/MLA-2049127560-audi-q5-20-45-tfsi-offroad-252cv-_JM?highlight=false&headerTopBrand=true#polycard_client=search-nordic&position=44&search_layout=grid&type=item&tracking_id=5fb75a59-06f6-4963-81d8-f9ee220b9af7
Audi Q5 2.0 Tfsi Stronic 252cv,US$85.000,85000,2024,2024,0 Km,0,La Plata - Bs.As. G.B.A. Sur,https://auto.mercadolibre.com.ar/MLA-1470978333-audi-q5-sportback-45-tfsi-quattro-_JM?highlight=false&headerTopBrand=true#polycard_client=search-nordic&position=45&search_layout=grid&type=item&tracking_id=5fb75a59-06f6-4963-81d8-f9ee220b9af7
Audi Q5 2.0 Tfsi 225cv Tiptronic Quattro,US$27.000.000,27000000,2014,2014,184.500 Km,184500,Capital Federal - Capital Federal,https://auto.mercadolibre.com.ar/MLA-2052446890-audi-q5-20-tfsi-225cv-tiptronic-quattro-_JM?highlight=true&headerTopBrand=true#polycard_client=search-nordic&position=46&search_layout=grid&type=item&tracking_id=5fb75a59-06f6-4963-81d8-f9ee220b9af7
Audi Q5 2.0 Tfsi Tiptronic Quattro 225cv,US$41.500,41500,2016,2016,19.500 Km,19500,Capital Federal - Capital Federal,https://auto.mercadolibre.com.ar/MLA-1483948091-audi-q5-2016-20-tfsi-tiptronic-quattro-suv-negra-automatica-_JM?highlight=false&headerTopBrand=false#polycard_client=search-nordic&position=47&search_layout=grid&type=item&tracking_id=5fb75a59-06f6-4963-81d8-f9ee220b9af7
Audi Q5 2.0 Tfsi 211cv Quattro,US$18.000.000,18000000,2011,2011,122.300 Km,122300,Capital Federal - Capital Federal,https://auto.mercadolibre.com.ar/MLA-1502679461-audi-q5-20-tfsi-211cv-quattro-_JM?highlight=false&headerTopBrand=false#polycard_client=search-nordic&position=48&search_layout=grid&type=item&tracking_id=5fb75a59-06f6-4963-81d8-f9ee220b9af7
Audi Q5 2.0 Tfsi Tiptronic Quattro 250cv,US$81.900,81900,2025,2025,0 Km,0,Pilar - Bs.As. G.B.A. Norte,https://auto.mercadolibre.com.ar/MLA-1492735823-audi-q5-45-advanced-quattro-_JM?highlight=false&headerTopBrand=false#polycard_client=search-nordic&position=49&search_layout=grid&type=item&tracking_id=5fb75a59-06f6-4963-81d8-f9ee220b9af7
Audi Q5 2.0 Tfsi Tiptronic Quattro 250cv,US$42.000,42000,2019,2019,105.000 Km,105000,Córdoba - Córdoba,https://auto.mercadolibre.com.ar/MLA-2039728482-audi-q5-20-t-quattro252cv-stronic-2019-_JM?highlight=true&headerTopBrand=false#polycard_client=search-nordic&position=50&search_layout=grid&type=item&tracking_id=5fb75a59-06f6-4963-81d8-f9ee220b9af7
Audi Q5 2.0 Tfsi Quattro,US$26.000,26000,2016,2016,130.000 Km,130000,Pilar - Bs.As. G.B.A. Norte,https://auto.mercadolibre.com.ar/MLA-2078862452-audi-q5-tfsi-quattro-_JM?highlight=false&headerTopBrand=false#polycard_client=search-nordic&position=3&search_layout=grid&type=item&tracking_id=80a215b8-56f9-46ce-82e0-1b6a00c2dd85
Audi Q5 2.0 Tfsi Quattro,US$28.900,28900,2013,2013,54.627 Km,54627,Bs.As. G.B.A. Norte,https://auto.mercadolibre.com.ar/MLA-2041933206-audi-q5-20t-fsi-quattro-_JM?highlight=false&headerTopBrand=false#polycard_client=search-nordic&position=4&search_layout=grid&type=item&tracking_id=80a215b8-56f9-46ce-82e0-1b6a00c2dd85
Audi Q5 2.0 Tfsi Stronic Quattro Security 252cv,US$34.900,34900,2018,2018,122.000 Km,122000,Capital Federal - Capital Federal,https://auto.mercadolibre.com.ar/MLA-1497306233-audi-q5-20-tfsi-stronic-quattro-security-252cv-_JM?highlight=true&headerTopBrand=false#polycard_client=search-nordic&position=5&search_layout=grid&type=item&tracking_id=80a215b8-56f9-46ce-82e0-1b6a00c2dd85
Audi Q5 3.0 Tfsi Tiptronic Quattro 272cv,US$38.000.000,38000000,2016,2016,100.000 Km,100000,La Matanza - Bs.As. G.B.A. Oeste,https://auto.mercadolibre.com.ar/MLA-2063929034-audi-q5-30-tfsi-quattro-tope-de-gama-anticipo--_JM?highlight=false&headerTopBrand=false#polycard_client=search-nordic&position=6&search_layout=grid&type=item&tracking_id=80a215b8-56f9-46ce-82e0-1b6a00c2dd85
Audi Q5 2.0 T 252hp Quattro S-tronic Security L18,US$37.900,37900,2018,2018,167.000 Km,167000,Córdoba - Córdoba,https://auto.mercadolibre.com.ar/MLA-2090780796-audi-q5-20-t-252hp-quattro-s-tronic-security-l18-_JM?highlight=false&headerTopBrand=false#polycard_client=search-nordic&position=7&search_layout=grid&type=item&tracking_id=80a215b8-56f9-46ce-82e0-1b6a00c2dd85
Audi Q5 2.0 45 Tfsi Offroad 252cv,US$66.000,66000,2021,2021,57.000 Km,57000,Bahía Blanca - Buenos Aires Interior,https://auto.mercadolibre.com.ar/MLA-2028738532-audi-q5-20-45-tfsi-offroad-252cv-_JM?highlight=true&headerTopBrand=false#polycard_client=search-nordic&position=8&search_layout=grid&type=item&tracking_id=80a215b8-56f9-46ce-82e0-1b6a00c2dd85
Audi Q5 2.0 Tfsi 211cv Stronic Quattro,US$21.900,21900,2011,2011,89.000 Km,89000,Capital Federal - Capital Federal,https://auto.mercadolibre.com.ar/MLA-2078525450-audi-q5-20-tfsi-211cv-stronic-quattro-_JM?highlight=false&headerTopBrand=false#polycard_client=search-nordic&position=9&search_layout=grid&type=item&tracking_id=80a215b8-56f9-46ce-82e0-1b6a00c2dd85
Audi Q5 2.0 Tfsi 211cv Stronic Quattro,US$23.500,23500,2013,2013,135.000 Km,135000,Capital Federal - Capital Federal,https://auto.mercadolibre.com.ar/MLA-1500453257-audi-q5-20-tfsi-211cv-stronic-quattro-_JM?highlight=false&headerTopBrand=false#polycard_client=search-nordic&position=10&search_layout=grid&type=item&tracking_id=80a215b8-56f9-46ce-82e0-1b6a00c2dd85
Audi Q5 2.0 Tfsi 211cv Quattro,US$21.000.000,21000000,2013,2013,117.000 Km,117000,Córdoba - Córdoba,https://auto.mercadolibre.com.ar/MLA-2094993184-audi-q5-20-tfsi-211cv-quattro-_JM?highlight=false&headerTopBrand=false#polycard_client=search-nordic&position=11&search_layout=grid&type=item&tracking_id=80a215b8-56f9-46ce-82e0-1b6a00c2dd85
Audi Q5 2.0 Tfsi Tiptronic Quattro 250cv,US$43.000,43000,2017,2017,82.000 Km,82000,San Isidro - Bs.As. G.B.A. Norte,https://auto.mercadolibre.com.ar/MLA-1491306307-audi-q5-20-tfsi-tiptronic-quattro-250cv-_JM?highlight=false&headerTopBrand=false#polycard_client=search-nordic&position=12&search_layout=grid&type=item&tracking_id=80a215b8-56f9-46ce-82e0-1b6a00c2dd85
Audi Q5 2.0 Tfsi 211cv Stronic Quattro,US$16.500,16500,2012,2012,190.000 Km,190000,Córdoba - Córdoba,https://auto.mercadolibre.com.ar/MLA-2099660084-audi-q5-20-tfsi-211cv-stronic-quattro-_JM?highlight=false&headerTopBrand=false#polycard_client=search-nordic&position=13&search_layout=grid&type=item&tracking_id=80a215b8-56f9-46ce-82e0-1b6a00c2dd85
Audi Q5 2.0 45 Tfsi Advanced 252cv,US$95.900,95900,2024,2024,1.000 Km,1000,San Isidro - Bs.As. G.B.A. Norte,https://auto.mercadolibre.com.ar/MLA-2099835934-audi-q5-20-tfsi-stronic-advanced-mild-hybrid-2024-0km-_JM?highlight=false&headerTopBrand=false#polycard_client=search-nordic&position=14&search_layout=grid&type=item&tracking_id=80a215b8-56f9-46ce-82e0-1b6a00c2dd85
Audi Q5 2.0 Tfsi Tiptronic Quattro 225cv,US$31.900,31900,2016,2016,80.000 Km,80000,Vicente López - Bs.As. G.B.A. Norte,https://auto.mercadolibre.com.ar/MLA-2076074036-audi-q5-20-tfsi-tiptronic-quattro-225cv-_JM?highlight=false&headerTopBrand=false#polycard_client=search-nordic&position=15&search_layout=grid&type=item&tracking_id=80a215b8-56f9-46ce-82e0-1b6a00c2dd85
Audi Q5 2.0 Tfsi 225cv Tiptronic Quattro,US$25.800.000,25800000,2013,2013,118.000 Km,118000,Tigre - Bs.As. G.B.A. Norte,https://auto.mercadolibre.com.ar/MLA-2020339818-audi-q5-_JM?highlight=false&headerTopBrand=false#polycard_client=search-nordic&position=16&search_layout=grid&type=item&tracking_id=80a215b8-56f9-46ce-82e0-1b6a00c2dd85
Audi Q5 2.0 Tfsi Tiptronic Quattro 225cv,US$43.000,43000,2017,2017,71.508 Km,71508,Bahía Blanca - Buenos Aires Interior,https://auto.mercadolibre.com.ar/MLA-1472742783-audi-q5-2017-20-tfsi-tiptronic-quattro-225cv-_JM?highlight=false&headerTopBrand=false#polycard_client=search-nordic&position=17&search_layout=grid&type=item&tracking_id=80a215b8-56f9-46ce-82e0-1b6a00c2dd85
Audi Q5 2.0 Tfsi Stronic 252cv,US$44.900,44900,2020,2020,102.000 Km,102000,Córdoba - Córdoba,https://auto.mercadolibre.com.ar/MLA-2059785232-audi-q5-20-tfsi-stronic-252cv-_JM?highlight=false&headerTopBrand=false#polycard_client=search-nordic&position=18&search_layout=grid&type=item&tracking_id=80a215b8-56f9-46ce-82e0-1b6a00c2dd85
Audi Q5 2.0 Tfsi 211cv Quattro,US$17.500,17500,2010,2010,178.300 Km,178300,Pilar - Bs.As. G.B.A. Norte,https://auto.mercadolibre.com.ar/MLA-2013235714-audi-q5-20-tfsi-211cv-quattro-_JM?highlight=true&headerTopBrand=false#polycard_client=search-nordic&position=19&search_layout=grid&type=item&tracking_id=80a215b8-56f9-46ce-82e0-1b6a00c2dd85
Audi Q5 2.0 Tfsi 211cv Stronic Quattro,US$22.000,22000,2013,2013,110.000 Km,110000,Vicente López - Bs.As. G.B.A. Norte,https://auto.mercadolibre.com.ar/MLA-1491313601-audi-q5-20-tfsi-211cv-stronic-quattro-_JM?highlight=false&headerTopBrand=false#polycard_client=search-nordic&position=20&search_layout=grid&type=item&tracking_id=80a215b8-56f9-46ce-82e0-1b6a00c2dd85
Audi Q5 2.0 Tfsi Stronic Quattro Security 252cv,US$66.900,66900,2021,2021,68.000 Km,68000,Moreno - Bs.As. G.B.A. Oeste,https://auto.mercadolibre.com.ar/MLA-1485779009-audi-q5-20-tfsi-stronic-quattro-security-252cv-_JM?highlight=false&headerTopBrand=false#polycard_client=search-nordic&position=21&search_layout=grid&type=item&tracking_id=80a215b8-56f9-46ce-82e0-1b6a00c2dd85
Audi Q5 2.0 Tfsi Tiptronic Quattro 225cv,US$39.700.000,39700000,2017,2017,116.000 Km,116000,Comandante Fernández - Chaco,https://auto.mercadolibre.com.ar/MLA-1497856967-audi-q5-20-tfsi-tiptronic-quattro-225cv-_JM?highlight=false&headerTopBrand=false#polycard_client=search-nordic&position=22&search_layout=grid&type=item&tracking_id=80a215b8-56f9-46ce-82e0-1b6a00c2dd85
Audi Q5 2.0 Tfsi 211cv Stronic Quattro,US$20.000,20000,2010,2010,128.000 Km,128000,San Juan Capital - San Juan,https://auto.mercadolibre.com.ar/MLA-2014814640-audi-q5-20-tfsi-211cv-stronic-quattro-_JM?highlight=false&headerTopBrand=false#polycard_client=search-nordic&position=23&search_layout=grid&type=item&tracking_id=80a215b8-56f9-46ce-82e0-1b6a00c2dd85
Audi Q5 2.0 Tfsi Stronic 252cv,US$74.500,74500,2018,2018,48.000 Km,48000,Vicente López - Bs.As. G.B.A. Norte,https://auto.mercadolibre.com.ar/MLA-1502692101-audi-q5-20-tfsi-stronic-252cv-blindado-rb3-bullet-proof-_JM?highlight=false&headerTopBrand=false#polycard_client=search-nordic&position=24&search_layout=grid&type=item&tracking_id=80a215b8-56f9-46ce-82e0-1b6a00c2dd85
Audi Q5 45 Tfsi Offroad S-tronic 245cv,US$57.500,57500,2021,2021,70.600 Km,70600,Mar Del Plata - Bs.As. Costa Atlántica,https://auto.mercadolibre.com.ar/MLA-2059778968-audi-q5-45-tfsi-offroad-s-tronic-_JM?highlight=true&headerTopBrand=false#polycard_client=search-nordic&position=25&search_layout=grid&type=item&tracking_id=80a215b8-56f9-46ce-82e0-1b6a00c2dd85
Audi Q5 2.0 Tfsi 211cv Quattro,US$24.900.000,24900000,2013,2013,119.000 Km,119000,Córdoba - Córdoba,https://auto.mercadolibre.com.ar/MLA-1475093047-audi-q5-20-tfsi-211cv-quattro-_JM?highlight=false&headerTopBrand=false#polycard_client=search-nordic&position=26&search_layout=grid&type=item&tracking_id=80a215b8-56f9-46ce-82e0-1b6a00c2dd85
Audi Q5 2.0 Tfsi 225cv Tiptronic Quattro,US$36.900.000,36900000,2016,2016,136.000 Km,136000,San Miguel De Tucumán - Tucumán,https://auto.mercadolibre.com.ar/MLA-2099835892-audi-q5-2016-20-tfsi-225cv-tiptronic-quattro-_JM?highlight=false&headerTopBrand=false#polycard_client=search-nordic&position=27&search_layout=grid&type=item&tracking_id=80a215b8-56f9-46ce-82e0-1b6a00c2dd85
Audi Q5 2.0 Tfsi Tiptronic Quattro 225cv,US$60.000.000,60000000,2019,2019,80.000 Km,80000,Biedma - Chubut,https://auto.mercadolibre.com.ar/MLA-1486895527-audi-q5-20-tfsi-tiptronic-quattro-225cv-_JM?highlight=false&headerTopBrand=false#polycard_client=search-nordic&position=28&search_layout=grid&type=item&tracking_id=80a215b8-56f9-46ce-82e0-1b6a00c2dd85
Audi Q5 2.0 Tfsi 211cv Quattro,US$18.900.000,18900000,2013,2013,130.000 Km,130000,Avellaneda - Bs.As. G.B.A. Sur,https://auto.mercadolibre.com.ar/MLA-2022216510-audi-q5-20-tfsi-211cv-quattro-_JM?highlight=true&headerTopBrand=false#polycard_client=search-nordic&position=29&search_layout=grid&type=item&tracking_id=80a215b8-56f9-46ce-82e0-1b6a00c2dd85
Audi Q5 2.0 Tfsi 180cv Quattro,US$21.150.000,21150000,2013,2013,160.000 Km,160000,La Rioja Capital - La Rioja,https://auto.mercadolibre.com.ar/MLA-2048055958-audi-q5-20t-fsi-quattro-2013-_JM?highlight=false&headerTopBrand=false#polycard_client=search-nordic&position=30&search_layout=grid&type=item&tracking_id=80a215b8-56f9-46ce-82e0-1b6a00c2dd85
Audi Q5 3.0 Tfsi Tiptronic Quattro 272cv,US$35.900,35900,2017,2017,60.000 Km,60000,Capital Federal - Capital Federal,https://auto.mercadolibre.com.ar/MLA-2086629560-audi-q5-30-tfsi-tiptronic-quattro-272cv-_JM?highlight=false&headerTopBrand=false#polycard_client=search-nordic&position=31&search_layout=grid&type=item&tracking_id=80a215b8-56f9-46ce-82e0-1b6a00c2dd85
Audi Q5 2.0 Tfsi 211cv Stronic Quattro,US$15.900,15900,2011,2011,219.000 Km,219000,Capital Federal - Capital Federal,https://auto.mercadolibre.com.ar/MLA-2082525780-audi-q5-20-tfsi-211cv-stronic-quattro-_JM?highlight=false&headerTopBrand=false#polycard_client=search-nordic&position=32&search_layout=grid&type=item&tracking_id=80a215b8-56f9-46ce-82e0-1b6a00c2dd85
Audi Q5 2.0 45 Tfsi Advanced 252cv,US$79.800,79800,2025,2025,0 Km,0,Del Viso - Bs.As. G.B.A. Norte,https://auto.mercadolibre.com.ar/MLA-2100728614-audi-q5-20-45-tfsi-advanced-252cv-_JM?highlight=false&headerTopBrand=false#polycard_client=search-nordic&position=33&search_layout=grid&type=item&tracking_id=80a215b8-56f9-46ce-82e0-1b6a00c2dd85
Audi Q5 2.0 45 Tfsi Advanced 252cv,US$79.800,79800,2025,2025,0 Km,0,Del Viso - Bs.As. G.B.A. Norte,https://auto.mercadolibre.com.ar/MLA-2039028446-audi-q5-20-45-tfsi-advanced-252cv-_JM?highlight=false&headerTopBrand=false#polycard_client=search-nordic&position=34&search_layout=grid&type=item&tracking_id=80a215b8-56f9-46ce-82e0-1b6a00c2dd85
Audi Q5 2.0 Tfsi 211cv Stronic Quattro,US$21.500,21500,2013,2013,89.000 Km,89000,Capital Federal - Capital Federal,https://auto.mercadolibre.com.ar/MLA-1502678803-audi-q5-20-tfsi-211cv-stronic-quattro-_JM?highlight=false&headerTopBrand=false#polycard_client=search-nordic&position=35&search_layout=grid&type=item&tracking_id=80a215b8-56f9-46ce-82e0-1b6a00c2dd85
Audi Q5 2.0 Tfsi Tiptronic Quattro 225cv,US$32.000,32000,2016,2016,90.000 Km,90000,La Plata - Bs.As. G.B.A. Sur,https://auto.mercadolibre.com.ar/MLA-2087757158-audi-q5-20-tfsi-tiptronic-quattro-225cv-_JM?highlight=true&headerTopBrand=false#polycard_client=search-nordic&position=36&search_layout=grid&type=item&tracking_id=80a215b8-56f9-46ce-82e0-1b6a00c2dd85
Audi Q5 2.0 Tfsi Stronic Quattro Security 252cv,US$69.000,69000,2021,2021,13.000 Km,13000,Capital Federal - Capital Federal,https://auto.mercadolibre.com.ar/MLA-1491327447-audi-q5-20-tfsi-stronic-quattro-security-252cv-_JM?highlight=false&headerTopBrand=false#polycard_client=search-nordic&position=37&search_layout=grid&type=item&tracking_id=80a215b8-56f9-46ce-82e0-1b6a00c2dd85
Audi Q5 2.0 45 Tfsi Offroad 252cv,US$85.003,85003,2022,2022,0 Km,0,Quilmes - Bs.As. G.B.A. Sur,https://auto.mercadolibre.com.ar/MLA-2102319440-audi-q5-offroad-45-nueva-q2-q3-a4-allroad-sport-advanced-0km-_JM?highlight=false&headerTopBrand=true#polycard_client=search-nordic&position=38&search_layout=grid&type=item&tracking_id=80a215b8-56f9-46ce-82e0-1b6a00c2dd85
Audi Q5 2.0 Tfsi Stronic Quattro Security 252cv,US$69.000,69000,2019,2019,58.000 Km,58000,San Isidro - Bs.As. G.B.A. Norte,https://auto.mercadolibre.com.ar/MLA-1475720221-audi-q5-20t-_JM?highlight=false&headerTopBrand=false#polycard_client=search-nordic&position=39&search_layout=grid&type=item&tracking_id=80a215b8-56f9-46ce-82e0-1b6a00c2dd85
Audi Q5 3.0 Tfsi 272cv Tiptronic Quattro,US$29.500,29500,2016,2016,127.000 Km,127000,Vicente López - Bs.As. G.B.A. Norte,https://auto.mercadolibre.com.ar/MLA-2049188914-audi-q5-30l-v6-quattro-_JM?highlight=false&headerTopBrand=false#polycard_client=search-nordic&position=40&search_layout=grid&type=item&tracking_id=80a215b8-56f9-46ce-82e0-1b6a00c2dd85
Audi Q5 2.0 Tfsi Stronic Quattro Security 252cv,US$45.490,45490,2018,2018,150.000 Km,150000,Ituzaingó - Bs.As. G.B.A. Oeste,https://auto.mercadolibre.com.ar/MLA-2100725462-audi-q5-20-tfsi-stronic-quattro-security-252cv-_JM?highlight=false&headerTopBrand=false#polycard_client=search-nordic&position=41&search_layout=grid&type=item&tracking_id=80a215b8-56f9-46ce-82e0-1b6a00c2dd85
Audi Q5 2.0 45 Tfsi Advanced 252cv,US$83.900,83900,2025,2025,0 Km,0,San Fernando - Bs.As. G.B.A. Norte,https://auto.mercadolibre.com.ar/MLA-2090257396-audi-q5-20-45-tfsi-advanced-252cv-_JM?highlight=false&headerTopBrand=false#polycard_client=search-nordic&position=42&search_layout=grid&type=item&tracking_id=80a215b8-56f9-46ce-82e0-1b6a00c2dd85
Audi Q5 2.0 Tfsi 211cv Stronic Quattro,US$16.000,16000,2010,2010,198.000 Km,198000,Capital Federal - Capital Federal,https://auto.mercadolibre.com.ar/MLA-1488752465-audi-q5-20-tfsi-211cv-stronic-quattro-2010-garagepremium-_JM?highlight=false&headerTopBrand=false#polycard_client=search-nordic&position=43&search_layout=grid&type=item&tracking_id=80a215b8-56f9-46ce-82e0-1b6a00c2dd85
Audi Q5 Audi Q5 Sportback 2.0 45tfsi Quattro S Tronic Advanced 245cv,US$103.500,103500,2025,2025,0 Km,0,San Fernando - Bs.As. G.B.A. Norte,https://auto.mercadolibre.com.ar/MLA-1499597739-audi-q5-sportback-20-45tfsi-quattro-s-tronic-advanced-245cv-_JM?highlight=false&headerTopBrand=false#polycard_client=search-nordic&position=44&search_layout=grid&type=item&tracking_id=80a215b8-56f9-46ce-82e0-1b6a00c2dd85
Audi Q5 2.0 Tfsi 211cv Stronic Quattro,US$23.900.000,23900000,2012,2012,162.000 Km,162000,Chivilcoy - Buenos Aires Interior,https://auto.mercadolibre.com.ar/MLA-1496953017-oport-exc-estado-tope-de-gama-vendo-audi-q5-20t-fsi-4x4-_JM?highlight=false&headerTopBrand=false#polycard_client=search-nordic&position=45&search_layout=grid&type=item&tracking_id=80a215b8-56f9-46ce-82e0-1b6a00c2dd85
Audi Q5 2.0 Tfsi Tiptronic Quattro 225cv,US$42.900,42900,2017,2017,89.000 Km,89000,Capital Federal - Capital Federal,https://auto.mercadolibre.com.ar/MLA-1496025029-audi-q5-20-tfsi-tiptronic-quattro-225cv-_JM?highlight=false&headerTopBrand=false#polycard_client=search-nordic&position=46&search_layout=grid&type=item&tracking_id=80a215b8-56f9-46ce-82e0-1b6a00c2dd85
Audi Q5 45 Tfsi Offroad S-tronic 245cv,US$60.000,60000,2021,2021,113.920 Km,113920,Pilar - Bs.As. G.B.A. Norte,https://auto.mercadolibre.com.ar/MLA-1498688333-audi-q5-45-tfsi-offroad-s-tronic-245cv-2021-_JM?highlight=false&headerTopBrand=false#polycard_client=search-nordic&position=47&search_layout=grid&type=item&tracking_id=80a215b8-56f9-46ce-82e0-1b6a00c2dd85
Audi Q5 2.0 Tfsi 225cv Tiptronic Quattro,US$24.500,24500,2014,2014,138.000 Km,138000,San Isidro - Bs.As. G.B.A. Norte,https://auto.mercadolibre.com.ar/MLA-2011711210-audi-q5-20-tfsi-225cv-tiptronic-quattro-_JM?highlight=true&headerTopBrand=false#polycard_client=search-nordic&position=48&search_layout=grid&type=item&tracking_id=80a215b8-56f9-46ce-82e0-1b6a00c2dd85
Audi Q5 2.0 45 Tfsi Offroad 252cv,US$53.000,53000,2020,2020,56.000 Km,56000,Capital Federal - Capital Federal,https://auto.mercadolibre.com.ar/MLA-1500393627-audi-q5-20-45-tfsi-offroad-252cv-_JM?highlight=false&headerTopBrand=false#polycard_client=search-nordic&position=49&search_layout=grid&type=item&tracking_id=80a215b8-56f9-46ce-82e0-1b6a00c2dd85
Audi Q5 2.0 Tfsi 225cv Quattro,US$24.000,24000,2013,2013,138.917 Km,138917,Escobar - Bs.As. G.B.A. Norte,https://auto.mercadolibre.com.ar/MLA-2043390070-audi-q5-20-tfsi-225cv-quattro-2013-negro-at-tute-cars-v-_JM?highlight=false&headerTopBrand=false#polycard_client=search-nordic&position=50&search_layout=grid&type=item&tracking_id=80a215b8-56f9-46ce-82e0-1b6a00c2dd85
Audi Q5 3.0 I 240cv Stronic Quattro,US$30.000,30000,2009,2009,150.000 Km,150000,Moreno - Bs.As. G.B.A. Oeste,https://auto.mercadolibre.com.ar/MLA-1501809815-audi-q5-30-i-240cv-stronic-quattro-_JM?highlight=false&headerTopBrand=false#polycard_client=search-nordic&position=3&search_layout=grid&type=item&tracking_id=c5e7fba0-f596-410b-8a0a-e82e4d52163e
Audi Q5 2.0 Tfsi Stronic Quattro Security 252cv,US$23.500,23500,2013,2013,89.000 Km,89000,Capital Federal - Capital Federal,https://auto.mercadolibre.com.ar/MLA-1500408879-audi-q5-20-t-quattro225cv-stronic-2013-_JM?highlight=true&headerTopBrand=false#polycard_client=search-nordic&position=4&search_layout=grid&type=item&tracking_id=c5e7fba0-f596-410b-8a0a-e82e4d52163e
Audi Q5 2.0 Tfsi 211cv Quattro,US$18.000.000,18000000,2011,2011,122.300 Km,122300,Capital Federal - Capital Federal,https://auto.mercadolibre.com.ar/MLA-2099685542-audi-q5-20-tfsi-211cv-quattro-_JM?highlight=true&headerTopBrand=false#polycard_client=search-nordic&position=5&search_layout=grid&type=item&tracking_id=c5e7fba0-f596-410b-8a0a-e82e4d52163e
Audi Q5 2.0 45 Tfsi Advanced 252cv,US$85.000,85000,2025,2025,0 Km,0,Rosario - Santa Fe,https://auto.mercadolibre.com.ar/MLA-2079928310-audi-q5-20-45-tfsi-advanced-252cv-_JM?highlight=false&headerTopBrand=false#polycard_client=search-nordic&position=6&search_layout=grid&type=item&tracking_id=c5e7fba0-f596-410b-8a0a-e82e4d52163e
Audi Q5 3.2 Fsi 270cv Stronic Quattro,US$17.000.000,17000000,2013,2013,260.000 Km,260000,Corrientes - Corrientes,https://auto.mercadolibre.com.ar/MLA-2021021698-audi-q5-32-fsi-quattro-stronic-2013-_JM?highlight=false&headerTopBrand=false#polycard_client=search-nordic&position=7&search_layout=grid&type=item&tracking_id=c5e7fba0-f596-410b-8a0a-e82e4d52163e
Audi Q5 2.0 Tfsi 211cv Quattro,US$15.300,15300,2009,2009,259.000 Km,259000,La Plata - Bs.As. G.B.A. Sur,https://auto.mercadolibre.com.ar/MLA-1477643809-audi-q5-20-tfsi-211cv-quattro-_JM?highlight=true&headerTopBrand=false#polycard_client=search-nordic&position=8&search_layout=grid&type=item&tracking_id=c5e7fba0-f596-410b-8a0a-e82e4d52163e
Audi Q5 2.0 I 170cv Stronic Quattro,US$18.000,18000,2012,2012,260.000 Km,260000,Rosario - Santa Fe,https://auto.mercadolibre.com.ar/MLA-2058611278-audi-q5-20-tdi-stronic-full-quattro-2012-negro-marrocchi-_JM?highlight=false&headerTopBrand=false#polycard_client=search-nordic&position=9&search_layout=grid&type=item&tracking_id=c5e7fba0-f596-410b-8a0a-e82e4d52163e
Audi Q5 3.0 I 245cv Stronic Quattro,US$25.000,25000,2013,2013,148.000 Km,148000,La Plata - Bs.As. G.B.A. Sur,https://auto.mercadolibre.com.ar/MLA-1883579908-audi-2013-q5-20-tdi-quattro-stronic-_JM?highlight=false&headerTopBrand=false#polycard_client=search-nordic&position=10&search_layout=grid&type=item&tracking_id=c5e7fba0-f596-410b-8a0a-e82e4d52163e
Audi Q5 2.0 Tfsi 180cv Quattro,US$25.000,25000,2013,2013,95.000 Km,95000,Ituzaingó - Bs.As. G.B.A. Oeste,https://auto.mercadolibre.com.ar/MLA-1474309487-audi-q5-2013-_JM?highlight=false&headerTopBrand=false#polycard_client=search-nordic&position=11&search_layout=grid&type=item&tracking_id=c5e7fba0-f596-410b-8a0a-e82e4d52163e
Audi Q5 2.0 Tfsi Tiptronic Quattro 250cv,US$36.000,36000,2017,2017,130.000 Km,130000,Rosario - Santa Fe,https://auto.mercadolibre.com.ar/MLA-1485545393-audi-q5-20-tfsi-tiptronic-quattro-250cv-_JM?highlight=false&headerTopBrand=false#polycard_client=search-nordic&position=12&search_layout=grid&type=item&tracking_id=c5e7fba0-f596-410b-8a0a-e82e4d52163e
Audi Q5 2.0 Tfsi 180cv Quattro,US$21.000,21000,2013,2013,135.000 Km,135000,General Rodríguez - Bs.As. G.B.A. Oeste,https://auto.mercadolibre.com.ar/MLA-2054827922-audi-q5-20-tfsi-180cv-quattro-_JM?highlight=false&headerTopBrand=false#polycard_client=search-nordic&position=13&search_layout=grid&type=item&tracking_id=c5e7fba0-f596-410b-8a0a-e82e4d52163e
Audi Q5 2.0 45 Tfsi Offroad 252cv,US$44.500,44500,2020,2020,120.000 Km,120000,Capital Federal - Capital Federal,https://auto.mercadolibre.com.ar/MLA-2097279764-audi-q5-20-45-tfsi-offroad-252cv-_JM?highlight=false&headerTopBrand=false#polycard_client=search-nordic&position=14&search_layout=grid&type=item&tracking_id=c5e7fba0-f596-410b-8a0a-e82e4d52163e
Audi Q5 3.0 Tfsi 272cv Tiptronic Quattro,US$43.000,43000,2016,2016,52.000 Km,52000,Cañuelas - Buenos Aires Interior,https://auto.mercadolibre.com.ar/MLA-2054433492-audi-q5-30-tfsi-272cv-tiptronic-quattro-_JM?highlight=false&headerTopBrand=false#polycard_client=search-nordic&position=15&search_layout=grid&type=item&tracking_id=c5e7fba0-f596-410b-8a0a-e82e4d52163e
Audi Q5 2.0 Tfsi 211cv Stronic Quattro,US$21.900,21900,2013,2013,163.000 Km,163000,Capital Federal - Capital Federal,https://auto.mercadolibre.com.ar/MLA-1495086509-audi-q5-20-tfsi-211cv-stronic-quattro-_JM?highlight=false&headerTopBrand=false#polycard_client=search-nordic&position=16&search_layout=grid&type=item&tracking_id=c5e7fba0-f596-410b-8a0a-e82e4d52163e
Audi Q5 2.0 Tfsi Tiptronic Quattro 250cv,US$33.900,33900,2017,2017,78.000 Km,78000,Capital Federal - Capital Federal,https://auto.mercadolibre.com.ar/MLA-2016749812-audi-q5-20-tfsi-tiptronic-quattro-250cv-_JM?highlight=false&headerTopBrand=false#polycard_client=search-nordic&position=17&search_layout=grid&type=item&tracking_id=c5e7fba0-f596-410b-8a0a-e82e4d52163e
Audi Q5 2.0 Tfsi Stronic Quattro Security 252cv,US$50.500,50500,2021,2021,87.000 Km,87000,Resistencia - Chaco,https://auto.mercadolibre.com.ar/MLA-2008119836-audi-q5-45-20t-252hp-offroad-stronic-quattro-_JM?highlight=false&headerTopBrand=false#polycard_client=search-nordic&position=18&search_layout=grid&type=item&tracking_id=c5e7fba0-f596-410b-8a0a-e82e4d52163e
Audi Q5 2.0 45 Tfsi Sport 252cv,US$57.000,57000,2020,2020,51.000 Km,51000,Oncativo - Córdoba,https://auto.mercadolibre.com.ar/MLA-2088104074-audi-q5-2020-20-45-tfsi-sport-252cv-_JM?highlight=false&headerTopBrand=false#polycard_client=search-nordic&position=19&search_layout=grid&type=item&tracking_id=c5e7fba0-f596-410b-8a0a-e82e4d52163e
Audi Q5 3.2 Fsi 270cv Stronic Quattro,US$15.500,15500,2010,2010,200.000 Km,200000,Capital Federal - Capital Federal,https://auto.mercadolibre.com.ar/MLA-1494888953-audi-q5-32-fsi-270cv-stronic-quattro-_JM?highlight=true&headerTopBrand=false#polycard_client=search-nordic&position=20&search_layout=grid&type=item&tracking_id=c5e7fba0-f596-410b-8a0a-e82e4d52163e
Audi Q5 2.0 Tfsi 211cv Stronic Quattro,US$21.000,21000,2013,2013,134.000 Km,134000,San Isidro - Bs.As. G.B.A. Norte,https://auto.mercadolibre.com.ar/MLA-2100911178-audi-q5-20-tfsi-211cv-stronic-quattro-_JM?highlight=false&headerTopBrand=false#polycard_client=search-nordic&position=21&search_layout=grid&type=item&tracking_id=c5e7fba0-f596-410b-8a0a-e82e4d52163e
Audi Q5 2.0 Tfsi Tiptronic Quattro 225cv,US$36.500,36500,2017,2017,119.000 Km,119000,Rosario - Santa Fe,https://auto.mercadolibre.com.ar/MLA-1496601947-audi-q5-20-tfsi-tiptronic-quattro-225cv-_JM?highlight=false&headerTopBrand=false#polycard_client=search-nordic&position=22&search_layout=grid&type=item&tracking_id=c5e7fba0-f596-410b-8a0a-e82e4d52163e
Audi Q5 2.0 Tfsi Tiptronic Quattro 225cv,US$46.000,46000,2019,2019,71.000 Km,71000,Córdoba - Córdoba,https://auto.mercadolibre.com.ar/MLA-2074636798-audi-q5-20-tfsi-tiptronic-quattro-225cv-_JM?highlight=false&headerTopBrand=false#polycard_client=search-nordic&position=23&search_layout=grid&type=item&tracking_id=c5e7fba0-f596-410b-8a0a-e82e4d52163e
Audi Q5 2.0 Tfsi Tiptronic Quattro 250cv,US$40.900,40900,2018,2018,71.700 Km,71700,Escobar - Bs.As. G.B.A. Norte,https://auto.mercadolibre.com.ar/MLA-2057082384-audi-q5-20-tfsi-tiptronic-quattro-250cv-apr-300-hp-_JM?highlight=false&headerTopBrand=false#polycard_client=search-nordic&position=24&search_layout=grid&type=item&tracking_id=c5e7fba0-f596-410b-8a0a-e82e4d52163e
Audi Q5 2.0 Tfsi 225cv Quattro,US$24.500,24500,2013,2013,140.000 Km,140000,Lanús - Bs.As. G.B.A. Sur,https://auto.mercadolibre.com.ar/MLA-2078183052-audi-q5-20-tfsi-225cv-quattro-_JM?highlight=false&headerTopBrand=false#polycard_client=search-nordic&position=25&search_layout=grid&type=item&tracking_id=c5e7fba0-f596-410b-8a0a-e82e4d52163e
Audi Q5 2.0t Fsi Tiptronic Quattro,US$35.200,35200,2017,2017,83.000 Km,83000,Capital Federal - Capital Federal,https://auto.mercadolibre.com.ar/MLA-1497596273-audi-q5-_JM?highlight=false&headerTopBrand=false#polycard_client=search-nordic&position=26&search_layout=grid&type=item&tracking_id=c5e7fba0-f596-410b-8a0a-e82e4d52163e
Audi Q5 2.0 Tfsi 211cv Stronic Quattro,US$23.000.000,23000000,2012,2012,159.000 Km,159000,Neuquén - Neuquén,https://auto.mercadolibre.com.ar/MLA-2023390358-audi-q5-20-tfsi-211cv-stronic-quattro-_JM?highlight=true&headerTopBrand=false#polycard_client=search-nordic&position=27&search_layout=grid&type=item&tracking_id=c5e7fba0-f596-410b-8a0a-e82e4d52163e
Audi Q5 2.0 Tfsi 211cv Stronic Quattro,US$25.800.000,25800000,2013,2013,210.000 Km,210000,Córdoba - Córdoba,https://auto.mercadolibre.com.ar/MLA-2082717186-audi-q5-20-tfsi-211cv-stronic-quattro-_JM?highlight=false&headerTopBrand=false#polycard_client=search-nordic&position=28&search_layout=grid&type=item&tracking_id=c5e7fba0-f596-410b-8a0a-e82e4d52163e
Audi Q5 3.0 Tfsi Tiptronic Quattro,US$39.700,39700,2016,2016,77.000 Km,77000,Capital Federal - Capital Federal,https://auto.mercadolibre.com.ar/MLA-2079817190-audi-q5-_JM?highlight=false&headerTopBrand=false#polycard_client=search-nordic&position=29&search_layout=grid&type=item&tracking_id=c5e7fba0-f596-410b-8a0a-e82e4d52163e
Audi Q5 2.0t Fsi Tiptronic Quattro,US$35.000,35000,2016,2016,83.000 Km,83000,Capital Federal - Capital Federal,https://auto.mercadolibre.com.ar/MLA-1497687085-audi-q5-_JM?highlight=false&headerTopBrand=false#polycard_client=search-nordic&position=30&search_layout=grid&type=item&tracking_id=c5e7fba0-f596-410b-8a0a-e82e4d52163e
Audi Q5 2.0 Tfsi 180cv Quattro,US$22.000.000,22000000,2013,2013,195.000 Km,195000,Tigre - Bs.As. G.B.A. Norte,https://auto.mercadolibre.com.ar/MLA-2086834196-audi-q5-20-tfsi-180cv-quattro-_JM?highlight=false&headerTopBrand=false#polycard_client=search-nordic&position=31&search_layout=grid&type=item&tracking_id=c5e7fba0-f596-410b-8a0a-e82e4d52163e
Audi Q5 2.0 I 170cv Stronic Quattro Tdi,US$21.000,21000,2012,2012,199.000 Km,199000,San Miguel - Bs.As. G.B.A. Norte,https://auto.mercadolibre.com.ar/MLA-2101339250-audi-q5-_JM?highlight=false&headerTopBrand=false#polycard_client=search-nordic&position=32&search_layout=grid&type=item&tracking_id=c5e7fba0-f596-410b-8a0a-e82e4d52163e
Audi Q5 3.0 Tfsi Tiptronic Quattro 272cv,US$44.000.000,44000000,2017,2017,61.471 Km,61471,Mendoza - Mendoza,https://auto.mercadolibre.com.ar/MLA-1501785049-audi-q5-30-tfsi-tiptronic-quattro-272cv-_JM?highlight=false&headerTopBrand=false#polycard_client=search-nordic&position=33&search_layout=grid&type=item&tracking_id=c5e7fba0-f596-410b-8a0a-e82e4d52163e
Audi Q5 2.0 45 Tfsi Offroad 252cv,US$55.000,55000,2020,2020,44.400 Km,44400,Córdoba - Córdoba,https://auto.mercadolibre.com.ar/MLA-2055337676-audi-q5-20-45-tfsi-offroad-252cv-_JM?highlight=false&headerTopBrand=false#polycard_client=search-nordic&position=34&search_layout=grid&type=item&tracking_id=c5e7fba0-f596-410b-8a0a-e82e4d52163e
Audi Q5 2.0 Tfsi 211cv Stronic Quattro,US$17.900,17900,2012,2012,150.000 Km,150000,Córdoba - Córdoba,https://auto.mercadolibre.com.ar/MLA-2054999824-audi-q5-20-tfsi-211cv-stronic-quattro-_JM?highlight=false&headerTopBrand=false#polycard_client=search-nordic&position=35&search_layout=grid&type=item&tracking_id=c5e7fba0-f596-410b-8a0a-e82e4d52163e
Audi Q5 2.0 Tfsi Stronic 252cv,US$42.300,42300,2019,2019,112.000 Km,112000,Capital Federal - Capital Federal,https://auto.mercadolibre.com.ar/MLA-1497689689-audi-q5-20-tfsi-stronic-252cv-_JM?highlight=false&headerTopBrand=false#polycard_client=search-nordic&position=36&search_layout=grid&type=item&tracking_id=c5e7fba0-f596-410b-8a0a-e82e4d52163e
Audi Q5 2.0 Tfsi 225cv Tiptronic Quattro,US$23.000,23000,2013,2013,111.000 Km,111000,Rosario - Santa Fe,https://auto.mercadolibre.com.ar/MLA-2050582274-audi-q5-2013-20-tfsi-225cv-tiptronic-quattro-_JM?highlight=false&headerTopBrand=false#polycard_client=search-nordic&position=37&search_layout=grid&type=item&tracking_id=c5e7fba0-f596-410b-8a0a-e82e4d52163e
Audi Q5 2.0 I 177cv Stronic Quattro Tdi,US$22.000,22000,2013,2013,205.600 Km,205600,General San Martín - Bs.As. G.B.A. Norte,https://auto.mercadolibre.com.ar/MLA-2086832290-q5-20-tdi-4x4-automatica-_JM?highlight=false&headerTopBrand=false#polycard_client=search-nordic&position=38&search_layout=grid&type=item&tracking_id=c5e7fba0-f596-410b-8a0a-e82e4d52163e
Audi Q5 2.0 Tfsi 180cv Quattro,US$24.500,24500,2013,2013,145.000 Km,145000,Pilar - Bs.As. G.B.A. Norte,https://auto.mercadolibre.com.ar/MLA-2039885026-audi-q5-20-tfsi-180cv-quattro-_JM?highlight=true&headerTopBrand=false#polycard_client=search-nordic&position=39&search_layout=grid&type=item&tracking_id=c5e7fba0-f596-410b-8a0a-e82e4d52163e
Audi Q5 2.0 Tfsi 211cv Stronic Quattro,US$17.500,17500,2010,2010,140.000 Km,140000,Rosario - Santa Fe,https://auto.mercadolibre.com.ar/MLA-1501133597-audi-q5-20-tfsi-211cv-stronic-quattro-_JM?highlight=false&headerTopBrand=false#polycard_client=search-nordic&position=40&search_layout=grid&type=item&tracking_id=c5e7fba0-f596-410b-8a0a-e82e4d52163e
Audi Q5 2.0 Tfsi 211cv Quattro,US$20.000.000,20000000,2011,2011,140.000 Km,140000,Rosario - Santa Fe,https://auto.mercadolibre.com.ar/MLA-1478704401-audi-q5-2011-20-tfsi-211cv-quattro-_JM?highlight=false&headerTopBrand=false#polycard_client=search-nordic&position=41&search_layout=grid&type=item&tracking_id=c5e7fba0-f596-410b-8a0a-e82e4d52163e
Audi Q5 2.0 Tfsi 211cv Stronic Quattro,US$21.900,21900,2013,2013,140.000 Km,140000,Capital Federal - Capital Federal,https://auto.mercadolibre.com.ar/MLA-1499572639-audi-q5-20-tfsi-211cv-stronic-quattro-_JM?highlight=false&headerTopBrand=false#polycard_client=search-nordic&position=42&search_layout=grid&type=item&tracking_id=c5e7fba0-f596-410b-8a0a-e82e4d52163e
Audi Q5 2.0 Tfsi 252cv,US$33.000,33000,2017,2017,170.000 Km,170000,Capital Federal - Capital Federal,https://auto.mercadolibre.com.ar/MLA-1499433173-audi-q5-20-tfsi-252cv-_JM?highlight=false&headerTopBrand=false#polycard_client=search-nordic&position=43&search_layout=grid&type=item&tracking_id=c5e7fba0-f596-410b-8a0a-e82e4d52163e
Audi Q5 2.0 Tfsi 225cv Quattro,US$29.000,29000,2014,2014,104.000 Km,104000,Vicente López - Bs.As. G.B.A. Norte,https://auto.mercadolibre.com.ar/MLA-2043402336-audi-q5-20-tfsi-225cv-quattro-blindado-rb3-bullet-proof-_JM?highlight=false&headerTopBrand=false#polycard_client=search-nordic&position=44&search_layout=grid&type=item&tracking_id=c5e7fba0-f596-410b-8a0a-e82e4d52163e
Audi Q5 2.0 45 Tfsi Advanced 252cv,US$81.000,81000,2025,2025,0 Km,0,Pilar - Bs.As. G.B.A. Norte,https://auto.mercadolibre.com.ar/MLA-1500709237-audi-q5-20-45-tfsi-advanced-252cv-_JM?highlight=false&headerTopBrand=false#polycard_client=search-nordic&position=45&search_layout=grid&type=item&tracking_id=c5e7fba0-f596-410b-8a0a-e82e4d52163e
Audi Q5 2.0 45 Tfsi Sport 252cv,US$83.000,83000,2025,2025,0 Km,0,Capital Federal - Capital Federal,https://auto.mercadolibre.com.ar/MLA-1478917099-audi-q5-20-45-tfsi-sport-252cv-_JM?highlight=false&headerTopBrand=true#polycard_client=search-nordic&position=46&search_layout=grid&type=item&tracking_id=c5e7fba0-f596-410b-8a0a-e82e4d52163e
Audi Q5 2.0 45 Tfsi Sport 252cv,US$83.500,83500,2024,2024,0 Km,0,Pilar - Bs.As. G.B.A. Norte,https://auto.mercadolibre.com.ar/MLA-1981343616-audi-q5-20-45-tfsi-sport-252cv-_JM?highlight=false&headerTopBrand=false#polycard_client=search-nordic&position=47&search_layout=grid&type=item&tracking_id=c5e7fba0-f596-410b-8a0a-e82e4d52163e
Audi Q5 2.0 Tfsi 211cv Stronic Quattro,US$16.800,16800,2010,2010,195.000 Km,195000,Córdoba - Córdoba,https://auto.mercadolibre.com.ar/MLA-2020457530-audi-q5-2010-20-tfsi-211cv-stronic-quattro-_JM?highlight=false&headerTopBrand=false#polycard_client=search-nordic&position=48&search_layout=grid&type=item&tracking_id=c5e7fba0-f596-410b-8a0a-e82e4d52163e
Audi Q5 2.0 45 Tfsi Sport 252cv,US$83.000,83000,2025,2025,0 Km,0,Capital Federal - Capital Federal,https://auto.mercadolibre.com.ar/MLA-1475055295-audi-q5-20-45-tfsi-sport-252cv-_JM?highlight=false&headerTopBrand=true#polycard_client=search-nordic&position=49&search_layout=grid&type=item&tracking_id=c5e7fba0-f596-410b-8a0a-e82e4d52163e
Audi Q5 2.0 Tfsi 211cv Stronic Quattro,US$22.500,22500,2010,2010,140.000 Km,140000,La Plata - Bs.As. G.B.A. Sur,https://auto.mercadolibre.com.ar/MLA-2088793976-audi-q5-20-t-quattro211cv-stronic-2010-_JM?highlight=true&headerTopBrand=false#polycard_client=search-nordic&position=50&search_layout=grid&type=item&tracking_id=c5e7fba0-f596-410b-8a0a-e82e4d52163e
Audi Q5 2.0 Tfsi Stronic 252cv,US$47.000,47000,2019,2019,90.000 Km,90000,Tigre - Bs.As. G.B.A. Norte,https://auto.mercadolibre.com.ar/MLA-2097046186-audi-q5-20-tfsi-stronic-252cv-_JM?highlight=false&headerTopBrand=false#polycard_client=search-nordic&position=3&search_layout=grid&type=item&tracking_id=4e2dd24b-86e3-44db-9773-8bb3a9b3bc19
Audi Q5 2.0 Tfsi 211cv Quattro,US$19.000,19000,2011,2011,112.000 Km,112000,Avellaneda - Bs.As. G.B.A. Sur,https://auto.mercadolibre.com.ar/MLA-2077555460-audi-q5-20-tfsi-211cv-quattro-_JM?highlight=false&headerTopBrand=false#polycard_client=search-nordic&position=4&search_layout=grid&type=item&tracking_id=4e2dd24b-86e3-44db-9773-8bb3a9b3bc19
Audi Q5 2.0 Tfsi 211cv Quattro,US$16.000,16000,2012,2012,211.000 Km,211000,Escobar - Bs.As. G.B.A. Norte,https://auto.mercadolibre.com.ar/MLA-2022019048-audi-q5-20-tfsi-211cv-quattro-_JM?highlight=false&headerTopBrand=false#polycard_client=search-nordic&position=5&search_layout=grid&type=item&tracking_id=4e2dd24b-86e3-44db-9773-8bb3a9b3bc19
Audi Q5 2.0 Tfsi Stronic 252cv,US$60.000,60000,2020,2020,92.000 Km,92000,Capital Federal - Capital Federal,https://auto.mercadolibre.com.ar/MLA-2084598810-audi-q5-20-tfsi-stronic-252cv-2020-90000kms-motum-_JM?highlight=false&headerTopBrand=false#polycard_client=search-nordic&position=6&search_layout=grid&type=item&tracking_id=4e2dd24b-86e3-44db-9773-8bb3a9b3bc19
Audi Q5 2.0 Tfsi Stronic Quattro Security 252cv,US$56.000,56000,2020,2020,44.000 Km,44000,Mendiolaza - Córdoba,https://auto.mercadolibre.com.ar/MLA-2029878924-audi-q5-20-tfsi-stronic-quattro-security-252cv-_JM?highlight=false&headerTopBrand=false#polycard_client=search-nordic&position=7&search_layout=grid&type=item&tracking_id=4e2dd24b-86e3-44db-9773-8bb3a9b3bc19
Audi Q5 2.0 Tfsi 211cv Quattro,US$21.000,21000,2013,2013,107.000 Km,107000,Bahía Blanca - Buenos Aires Interior,https://auto.mercadolibre.com.ar/MLA-1480883807-audi-q5-20-tfsi-211cv-quattro-_JM?highlight=false&headerTopBrand=false#polycard_client=search-nordic&position=8&search_layout=grid&type=item&tracking_id=4e2dd24b-86e3-44db-9773-8bb3a9b3bc19
Audi Q5 2.0 45 Tfsi Advanced 252cv,US$88.000,88000,2025,2025,0 Km,0,Pilar - Bs.As. G.B.A. Norte,https://auto.mercadolibre.com.ar/MLA-2064444514-audi-q5-20-45-tfsi-advanced-252cv-_JM?highlight=false&headerTopBrand=true#polycard_client=search-nordic&position=9&search_layout=grid&type=item&tracking_id=4e2dd24b-86e3-44db-9773-8bb3a9b3bc19
Audi Q5 3.0 Tdi 240 Cv,US$25.000,25000,2013,2013,181.000 Km,181000,Rosario - Santa Fe,https://auto.mercadolibre.com.ar/MLA-2072491924-audi-q5-30-tdi-240-cv-_JM?highlight=false&headerTopBrand=false#polycard_client=search-nordic&position=10&search_layout=grid&type=item&tracking_id=4e2dd24b-86e3-44db-9773-8bb3a9b3bc19
Audi Q5 Sportback 2.0,US$89.000,89000,2024,2024,0 Km,0,Pilar - Buenos Aires Interior,https://auto.mercadolibre.com.ar/MLA-1856349288-audi-q5-sportback-20-_JM?highlight=false&headerTopBrand=false#polycard_client=search-nordic&position=11&search_layout=grid&type=item&tracking_id=4e2dd24b-86e3-44db-9773-8bb3a9b3bc19
Audi Q5 2.0 Tfsi 211cv Stronic Quattro,US$21.000,21000,2013,2013,148.000 Km,148000,Santa Fe Capital - Santa Fe,https://auto.mercadolibre.com.ar/MLA-2084623474-audi-q5-20-tfsi-211cv-stronic-quattro-_JM?highlight=false&headerTopBrand=false#polycard_client=search-nordic&position=12&search_layout=grid&type=item&tracking_id=4e2dd24b-86e3-44db-9773-8bb3a9b3bc19
Audi Q5 3.0 Tfsi Tiptronic Quattro 272cv,US$35.000,35000,2017,2017,11.111 Km,11111,Bahía Blanca - Buenos Aires Interior,https://auto.mercadolibre.com.ar/MLA-2092888348-audi-q5-30-tfsi-tiptronic-quattro-272cv-_JM?highlight=false&headerTopBrand=false#polycard_client=search-nordic&position=13&search_layout=grid&type=item&tracking_id=4e2dd24b-86e3-44db-9773-8bb3a9b3bc19
Audi Q5 2.0 Advanced My Hybrid,US$80.900,80900,2024,2024,0 Km,0,Pilar - Bs.As. G.B.A. Norte,https://auto.mercadolibre.com.ar/MLA-1858565408-audi-q5-advanced-_JM?highlight=false&headerTopBrand=false#polycard_client=search-nordic&position=14&search_layout=grid&type=item&tracking_id=4e2dd24b-86e3-44db-9773-8bb3a9b3bc19
Audi Q5 2.0 Tfsi 211cv Stronic Quattro,US$27.000,27000,2013,2013,83.000 Km,83000,Capital Federal - Capital Federal,https://auto.mercadolibre.com.ar/MLA-2095785082-audi-q5-20-tfsi-211cv-stronic-quattro-_JM?highlight=false&headerTopBrand=false#polycard_client=search-nordic&position=15&search_layout=grid&type=item&tracking_id=4e2dd24b-86e3-44db-9773-8bb3a9b3bc19
Audi Q5 2.0 Tfsi 225cv Quattro,US$28.500,28500,2013,2013,63.000 Km,63000,General San Martín - Bs.As. G.B.A. Norte,https://auto.mercadolibre.com.ar/MLA-2078524802-audi-q5-20-tfsi-225cv-quattro-_JM?highlight=true&headerTopBrand=false#polycard_client=search-nordic&position=16&search_layout=grid&type=item&tracking_id=4e2dd24b-86e3-44db-9773-8bb3a9b3bc19
Audi Q5 2.0 Tfsi 211cv Stronic Quattro,US$20.900,20900,2012,2012,98.000 Km,98000,Caseros - Bs.As. G.B.A. Oeste,https://auto.mercadolibre.com.ar/MLA-2099352710-audi-q5-20-tfsi-211cv-stronic-quattro-_JM?highlight=false&headerTopBrand=false#polycard_client=search-nordic&position=17&search_layout=grid&type=item&tracking_id=4e2dd24b-86e3-44db-9773-8bb3a9b3bc19
Audi Q5 2.0 45 Tfsi Offroad 252cv,US$54.000,54000,2020,2020,54.500 Km,54500,Tigre - Bs.As. G.B.A. Norte,https://auto.mercadolibre.com.ar/MLA-2076215650-audi-q5-20-45-tfsi-offroad-252cv-_JM?highlight=false&headerTopBrand=false#polycard_client=search-nordic&position=18&search_layout=grid&type=item&tracking_id=4e2dd24b-86e3-44db-9773-8bb3a9b3bc19
Audi Q5 2.0 Tfsi Stronic Quattro Security 252cv,US$17.900,17900,2010,2010,159.000 Km,159000,La Matanza - Bs.As. G.B.A. Oeste,https://auto.mercadolibre.com.ar/MLA-1495964361-audi-q5-2010-impecable-full-_JM?highlight=false&headerTopBrand=false#polycard_client=search-nordic&position=19&search_layout=grid&type=item&tracking_id=4e2dd24b-86e3-44db-9773-8bb3a9b3bc19
Audi Q5 2.0 Tfsi 211cv Stronic Quattro,US$18.400,18400,2010,2010,145.000 Km,145000,Capital Federal - Capital Federal,https://auto.mercadolibre.com.ar/MLA-2086763938-audi-q5-20-tfsi-211cv-stronic-quattro-_JM?highlight=false&headerTopBrand=false#polycard_client=search-nordic&position=20&search_layout=grid&type=item&tracking_id=4e2dd24b-86e3-44db-9773-8bb3a9b3bc19
Audi Q5 2.0 45 Tfsi Sport 252cv,US$58.500,58500,2020,2020,48.500 Km,48500,La Plata - Bs.As. G.B.A. Sur,https://auto.mercadolibre.com.ar/MLA-2094863260-audi-q5-20-45-tfsi-sport-252cv-_JM?highlight=true&headerTopBrand=false#polycard_client=search-nordic&position=21&search_layout=grid&type=item&tracking_id=4e2dd24b-86e3-44db-9773-8bb3a9b3bc19
Audi Q5 3.2 Fsi 270cv Stronic Quattro,US$21.000,21000,2012,2012,113.000 Km,113000,Capital Federal - Capital Federal,https://auto.mercadolibre.com.ar/MLA-2085516920-audi-q5-32-fsi-270cv-stronic-quattro-_JM?highlight=false&headerTopBrand=false#polycard_client=search-nordic&position=22&search_layout=grid&type=item&tracking_id=4e2dd24b-86e3-44db-9773-8bb3a9b3bc19
Audi Q5 2.0 Tfsi 211cv Stronic Quattro,US$23.000,23000,2013,2013,114.000 Km,114000,Capital Federal - Capital Federal,https://auto.mercadolibre.com.ar/MLA-2099786998-audi-q5-20-tfsi-211cv-stronic-quattro-_JM?highlight=false&headerTopBrand=false#polycard_client=search-nordic&position=23&search_layout=grid&type=item&tracking_id=4e2dd24b-86e3-44db-9773-8bb3a9b3bc19
Audi Q5 2.0 Tfsi 211cv Stronic Quattro,US$23.000,23000,2012,2012,97.000 Km,97000,Vicente López - Bs.As. G.B.A. Norte,https://auto.mercadolibre.com.ar/MLA-2091518642-audi-q5-20-tfsi-211cv-stronic-quattro-_JM?highlight=false&headerTopBrand=false#polycard_client=search-nordic&position=24&search_layout=grid&type=item&tracking_id=4e2dd24b-86e3-44db-9773-8bb3a9b3bc19
Audi Q5 2.0 Tfsi 211cv Stronic Quattro,US$18.500,18500,2010,2010,145.000 Km,145000,Lomas De Zamora - Bs.As. G.B.A. Sur,https://auto.mercadolibre.com.ar/MLA-2085404688-audi-q5-20-tfsi-211cv-stronic-quattro-_JM?highlight=false&headerTopBrand=false#polycard_client=search-nordic&position=25&search_layout=grid&type=item&tracking_id=4e2dd24b-86e3-44db-9773-8bb3a9b3bc19
Audi Q5 2.0 Tfsi 225cv Tiptronic Quattro,US$28.000,28000,2016,2016,142.000 Km,142000,Berazategui - Bs.As. G.B.A. Sur,https://auto.mercadolibre.com.ar/MLA-2093127960-audi-q5-20-tfsi-tiptronic-quattro-225cv-_JM?highlight=false&headerTopBrand=false#polycard_client=search-nordic&position=26&search_layout=grid&type=item&tracking_id=4e2dd24b-86e3-44db-9773-8bb3a9b3bc19
Audi Q5 2.0 Tfsi 225cv Quattro,US$19.000,19000,2013,2013,175.000 Km,175000,La Plata - Bs.As. G.B.A. Sur,https://auto.mercadolibre.com.ar/MLA-1500239773-audi-q5-20-tfsi-225cv-quattro-_JM?highlight=false&headerTopBrand=false#polycard_client=search-nordic&position=27&search_layout=grid&type=item&tracking_id=4e2dd24b-86e3-44db-9773-8bb3a9b3bc19
Audi Q5 2.0 Tfsi 211cv Quattro,US$18.500,18500,2010,2010,120.000 Km,120000,Esteban Echeverría - Bs.As. G.B.A. Sur,https://auto.mercadolibre.com.ar/MLA-1496935849-audi-q5-20-tfsi-211cv-quattro-_JM?highlight=true&headerTopBrand=false#polycard_client=search-nordic&position=28&search_layout=grid&type=item&tracking_id=4e2dd24b-86e3-44db-9773-8bb3a9b3bc19
Audi Q5 2.0 Tfsi 225cv Quattro,US$38.500,38500,2016,2016,118.000 Km,118000,General San Martín - Bs.As. G.B.A. Norte,https://auto.mercadolibre.com.ar/MLA-2089134052-audi-q5-20-tfsi-225cv-quattro-_JM?highlight=true&headerTopBrand=false#polycard_client=search-nordic&position=29&search_layout=grid&type=item&tracking_id=4e2dd24b-86e3-44db-9773-8bb3a9b3bc19
Audi Q5 2.0 Tfsi 211cv Quattro,US$22.300.000,22300000,2012,2012,120.000 Km,120000,Córdoba - Córdoba,https://auto.mercadolibre.com.ar/MLA-1497950963-audi-q5-20-tfsi-211cv-quattro-_JM?highlight=false&headerTopBrand=false#polycard_client=search-nordic&position=30&search_layout=grid&type=item&tracking_id=4e2dd24b-86e3-44db-9773-8bb3a9b3bc19
Audi Q5 2.0 Tfsi 211cv Stronic Quattro,US$23.000,23000,2012,2012,180.000 Km,180000,Córdoba - Córdoba,https://auto.mercadolibre.com.ar/MLA-1498324505-audi-q5-20-tfsi-211cv-stronic-quattro-_JM?highlight=false&headerTopBrand=false#polycard_client=search-nordic&position=31&search_layout=grid&type=item&tracking_id=4e2dd24b-86e3-44db-9773-8bb3a9b3bc19
Audi Q5 2.0 Tfsi 211cv Quattro,US$20.000,20000,2012,2012,130.000 Km,130000,Vicente López - Bs.As. G.B.A. Norte,https://auto.mercadolibre.com.ar/MLA-2085490012-audi-q5-2012-20-tfsi-211cv-quattro-_JM?highlight=false&headerTopBrand=false#polycard_client=search-nordic&position=32&search_layout=grid&type=item&tracking_id=4e2dd24b-86e3-44db-9773-8bb3a9b3bc19
Audi Q5 2.0 Tfsi 211cv Stronic Quattro,US$24.000,24000,2013,2013,184.000 Km,184000,San Martín - Mendoza,https://auto.mercadolibre.com.ar/MLA-2092887206-audi-q5-20t-s-tronic-quattro-211-cv-2013-_JM?highlight=false&headerTopBrand=false#polycard_client=search-nordic&position=33&search_layout=grid&type=item&tracking_id=4e2dd24b-86e3-44db-9773-8bb3a9b3bc19
Audi Q5 2.0 Tfsi 211cv Quattro,US$15.500,15500,2011,2011,213.000 Km,213000,La Calera - Córdoba,https://auto.mercadolibre.com.ar/MLA-2093372248-audi-q5-20-tfsi-211cv-quattro-_JM?highlight=false&headerTopBrand=false#polycard_client=search-nordic&position=34&search_layout=grid&type=item&tracking_id=4e2dd24b-86e3-44db-9773-8bb3a9b3bc19
Audi Q5 2.0 Tfsi 211cv Stronic Quattro,US$18.500,18500,2012,2012,212.000 Km,212000,Funes - Santa Fe,https://auto.mercadolibre.com.ar/MLA-1500346003-audi-q5-20-tfsi-211cv-stronic-quattro-_JM?highlight=false&headerTopBrand=false#polycard_client=search-nordic&position=35&search_layout=grid&type=item&tracking_id=4e2dd24b-86e3-44db-9773-8bb3a9b3bc19
Audi Q5 2.0 Tfsi 211cv Stronic Quattro,US$22.000.000,22000000,2011,2011,147.000 Km,147000,Rosario - Santa Fe,https://auto.mercadolibre.com.ar/MLA-1501840113-audi-q5-20-tfsi-211cv-stronic-quattro-_JM?highlight=true&headerTopBrand=false#polycard_client=search-nordic&position=36&search_layout=grid&type=item&tracking_id=4e2dd24b-86e3-44db-9773-8bb3a9b3bc19
Audi Q5 2.0 Tfsi Tiptronic Quattro 225cv,US$32.000,32000,2017,2017,159.000 Km,159000,Marcos Juárez - Córdoba,https://auto.mercadolibre.com.ar/MLA-1501553249-audi-q5-20-tfsi-tiptronic-quattro-225cv-_JM?highlight=true&headerTopBrand=false#polycard_client=search-nordic&position=37&search_layout=grid&type=item&tracking_id=4e2dd24b-86e3-44db-9773-8bb3a9b3bc19
Audi Q5 2.0 Tfsi 211cv Stronic Quattro,US$23.000,23000,2011,2011,114.500 Km,114500,Salta - Salta,https://auto.mercadolibre.com.ar/MLA-1498051599-audi-q5-20-tfsi-211cv-stronic-quattro-_JM?highlight=false&headerTopBrand=false#polycard_client=search-nordic&position=38&search_layout=grid&type=item&tracking_id=4e2dd24b-86e3-44db-9773-8bb3a9b3bc19
Audi Q5 2.0 Tfsi 211cv Quattro,US$16.000,16000,2009,2009,220.000 Km,220000,Córdoba - Córdoba,https://auto.mercadolibre.com.ar/MLA-2081598778-audi-q5-20-tfsi-211cv-quattro-_JM?highlight=false&headerTopBrand=false#polycard_client=search-nordic&position=39&search_layout=grid&type=item&tracking_id=4e2dd24b-86e3-44db-9773-8bb3a9b3bc19
Audi Q5 2.0 I 170cv Stronic Quattro,US$26.500,26500,2013,2013,138.000 Km,138000,Santa Clara Del Mar - Bs.As. Costa Atlántica,https://auto.mercadolibre.com.ar/MLA-1496173331-audi-q5-20-i-170cv-stronic-quattro-_JM?highlight=true&headerTopBrand=false#polycard_client=search-nordic&position=40&search_layout=grid&type=item&tracking_id=4e2dd24b-86e3-44db-9773-8bb3a9b3bc19
Audi Q5 2.0 Tfsi 225cv Tiptronic Quattro,US$21.500,21500,2013,2013,170.000 Km,170000,General Rodríguez - Bs.As. G.B.A. Oeste,https://auto.mercadolibre.com.ar/MLA-1495911849-audi-q5-20-tfsi-225cv-tiptronic-quattro-_JM?highlight=false&headerTopBrand=false#polycard_client=search-nordic&position=41&search_layout=grid&type=item&tracking_id=4e2dd24b-86e3-44db-9773-8bb3a9b3bc19
Audi Q5 2.0 45 Tfsi Advanced 252cv,US$80.000,80000,2024,2024,15.000 Km,15000,San Rafael - Mendoza,https://auto.mercadolibre.com.ar/MLA-2099205476-audi-q5-20-45-tfsi-advanced-252cv-_JM?highlight=false&headerTopBrand=false#polycard_client=search-nordic&position=42&search_layout=grid&type=item&tracking_id=4e2dd24b-86e3-44db-9773-8bb3a9b3bc19
Audi Q5 2.0 Tfsi Tiptronic Quattro 250cv,US$45.000,45000,2019,2019,75.000 Km,75000,Luján De Cuyo - Mendoza,https://auto.mercadolibre.com.ar/MLA-2085568572-audi-q5-20-tfsi-quattro-250cv-_JM?highlight=false&headerTopBrand=false#polycard_client=search-nordic&position=43&search_layout=grid&type=item&tracking_id=4e2dd24b-86e3-44db-9773-8bb3a9b3bc19
Audi Q5 2.0 Tfsi 225cv Tiptronic Quattro,US$49.000.000,49000000,2016,2016,118.000 Km,118000,Capital Federal - Capital Federal,https://auto.mercadolibre.com.ar/MLA-1497349069-audi-q5-20-tfsi-225cv-tiptronic-quattro-_JM?highlight=false&headerTopBrand=false#polycard_client=search-nordic&position=44&search_layout=grid&type=item&tracking_id=4e2dd24b-86e3-44db-9773-8bb3a9b3bc19
Audi Q5 2.0 Tfsi 225cv Tiptronic Quattro,US$48.500.000,48500000,2016,2016,110.000 Km,110000,Vicente López - Bs.As. G.B.A. Norte,https://auto.mercadolibre.com.ar/MLA-2080490536-audi-q5-20-tfsi-225cv-tiptronic-quattro-_JM?highlight=false&headerTopBrand=false#polycard_client=search-nordic&position=45&search_layout=grid&type=item&tracking_id=4e2dd24b-86e3-44db-9773-8bb3a9b3bc19
Audi Q5 2.0 Tfsi 211cv Quattro,US$16.500,16500,2010,2010,182.000 Km,182000,San Martín - Mendoza,https://auto.mercadolibre.com.ar/MLA-1497406601-audi-q5-20-tfsi-211cv-quattro-_JM?highlight=false&headerTopBrand=false#polycard_client=search-nordic&position=46&search_layout=grid&type=item&tracking_id=4e2dd24b-86e3-44db-9773-8bb3a9b3bc19
Audi Q5 2.0 Tfsi 225cv Quattro,US$31.000,31000,2016,2016,87.000 Km,87000,La Plata - Bs.As. G.B.A. Sur,https://auto.mercadolibre.com.ar/MLA-1502191609-audi-q5-20-tfsi-225cv-quattro-_JM?highlight=true&headerTopBrand=false#polycard_client=search-nordic&position=47&search_layout=grid&type=item&tracking_id=4e2dd24b-86e3-44db-9773-8bb3a9b3bc19
Audi Q5 2.0 Tfsi Tiptronic Quattro 225cv,US$33.000,33000,2017,2017,90.000 Km,90000,Rosario - Santa Fe,https://auto.mercadolibre.com.ar/MLA-1497958691-audi-q5-20-tfsi-tiptronic-quattro-225cv-_JM?highlight=false&headerTopBrand=false#polycard_client=search-nordic&position=48&search_layout=grid&type=item&tracking_id=4e2dd24b-86e3-44db-9773-8bb3a9b3bc19
Audi Q5 2.0 Tfsi 225cv Tiptronic Quattro,US$32.900,32900,2015,2015,118.000 Km,118000,Rosario - Santa Fe,https://auto.mercadolibre.com.ar/MLA-2081632826-audi-q5-20-tfsi-225cv-tiptronic-quattro-_JM?highlight=true&headerTopBrand=false#polycard_client=search-nordic&position=49&search_layout=grid&type=item&tracking_id=4e2dd24b-86e3-44db-9773-8bb3a9b3bc19
Audi Q5 2.0 Tfsi 211cv Stronic Quattro,US$17.000,17000,2009,2009,109.000 Km,109000,Capital Federal - Capital Federal,https://auto.mercadolibre.com.ar/MLA-2092094300-audi-q5-20-tfsi-211cv-stronic-quattro-_JM?highlight=false&headerTopBrand=false#polycard_client=search-nordic&position=50&search_layout=grid&type=item&tracking_id=4e2dd24b-86e3-44db-9773-8bb3a9b3bc19
